Workbook

Sheet 보스체력
A1: 일반 | D1: 어려움 | I1: 극한 | Q1: 세짐 | S1: 어려움 | V1: 세짐 | X1: 극한 | AA1: 세짐
A2: 스테이지 | B2: 체력 | D2: 스테이지 | E2: 체력 | F2: 치환스테이지 | I2: 스테이지 | J2: 체력 | K2: 치환스테이지 | N2: 563 | P2: {=INDIRECT("b" & (N2+2))} -> 1.225e+37 | Q2: =P2/P$2 -> 1 | S2: 123 | U2: {=INDIRECT("d" & (S2+2))} -> 123 | V2: =U2/U$2 -> 1 | X2: 563 | Z2: {=INDIRECT("b" & (X2+2))} -> 1.225e+37 | AA2: =Z2/Z$2 -> 1
A3: 1 | B3: 50 | D3: 1 | E3: {=INDIRECT("b"&F3+2)} -> 9e+28 | F3: =INT((A3-1)*1.333333+400) -> 400 | I3: 1 | J3: {=INDIRECT("b"&K3+2)} -> 9.55e+61 | K3: =INT((A3-1)*40/30+900*40/30)+400 -> 1600 | N3: 564 | P3: {=INDIRECT("b" & (N3+2))} -> 1.45e+37 | Q3: =P3/$P$2 -> 1.1836735 | S3: 124 | U3: {=INDIRECT("d" & (S3+2))} -> 124 | V3: =U3/U$2 -> 1.0081301 | W3: 1 | X3: 564 | Z3: {=INDIRECT("b" & (X3+2))} -> 1.45e+37 | AA3: =Z3/$P$2 -> 1.1836735
A4: 2 | B4: 80 | D4: 2 | E4: {=INDIRECT("b"&F4+2)} -> 9.5e+28 | F4: =INT((A4-1)*1.333333+400) -> 401 | I4: 2 | J4: {=INDIRECT("b"&K4+2)} -> 9.775e+61 | K4: =INT((A4-1)*40/30+900*40/30)+400 -> 1601 | N4: 565 | P4: {=INDIRECT("b" & (N4+2))} -> 1.675e+37 | Q4: =P4/$P$2 -> 1.3673469 | S4: 125 | U4: {=INDIRECT("d" & (S4+2))} -> 125 | V4: =U4/U$2 -> 1.0162602 | W4: 2 | X4: 565 | Z4: {=INDIRECT("b" & (X4+2))} -> 1.675e+37 | AA4: =Z4/$P$2 -> 1.3673469
A5: 3 | B5: 120 | D5: 3 | E5: {=INDIRECT("b"&F5+2)} -> 1e+29 | F5: =INT((A5-1)*1.333333+400) -> 402 | I5: 3 | J5: {=INDIRECT("b"&K5+2)} -> 1e+62 | K5: =INT((A5-1)*40/30+900*40/30)+400 -> 1602 | N5: 566 | P5: {=INDIRECT("b" & (N5+2))} -> 1.9e+37 | Q5: =P5/$P$2 -> 1.5510204 | S5: 126 | U5: {=INDIRECT("d" & (S5+2))} -> 126 | V5: =U5/U$2 -> 1.0243902 | W5: 3 | X5: 566 | Z5: {=INDIRECT("b" & (X5+2))} -> 1.9e+37 | AA5: =Z5/$P$2 -> 1.5510204
A6: 4 | B6: 300 | D6: 4 | E6: {=INDIRECT("b"&F6+2)} -> 1.05e+29 | F6: =INT((A6-1)*1.333333+400) -> 403 | I6: 4 | J6: {=INDIRECT("b"&K6+2)} -> 1.45e+62 | K6: =INT((A6-1)*40/30+900*40/30)+400 -> 1604 | N6: 567 | P6: {=INDIRECT("b" & (N6+2))} -> 2.125e+37 | Q6: =P6/$P$2 -> 1.7346939 | S6: 127 | U6: {=INDIRECT("d" & (S6+2))} -> 127 | V6: =U6/U$2 -> 1.0325203 | W6: 4 | X6: 567 | Z6: {=INDIRECT("b" & (X6+2))} -> 2.125e+37 | AA6: =Z6/$P$2 -> 1.7346939
A7: 5 | B7: 700 | D7: 5 | E7: {=INDIRECT("b"&F7+2)} -> 1.5e+29 | F7: =INT((A7-1)*1.333333+400) -> 405 | I7: 5 | J7: {=INDIRECT("b"&K7+2)} -> 1.675e+62 | K7: =INT((A7-1)*40/30+900*40/30)+400 -> 1605 | N7: 568 | P7: {=INDIRECT("b" & (N7+2))} -> 2.35e+37 | Q7: =P7/$P$2 -> 1.9183673 | S7: 128 | U7: {=INDIRECT("d" & (S7+2))} -> 128 | V7: =U7/U$2 -> 1.0406504 | W7: 5 | X7: 568 | Z7: {=INDIRECT("b" & (X7+2))} -> 2.35e+37 | AA7: =Z7/$P$2 -> 1.9183673
A8: 6 | B8: 3000 | D8: 6 | E8: {=INDIRECT("b"&F8+2)} -> 2e+29 | F8: =INT((A8-1)*1.333333+400) -> 406 | I8: 6 | J8: {=INDIRECT("b"&K8+2)} -> 1.9e+62 | K8: =INT((A8-1)*40/30+900*40/30)+400 -> 1606 | N8: 569 | P8: {=INDIRECT("b" & (N8+2))} -> 2.575e+37 | Q8: =P8/$P$2 -> 2.1020408 | S8: 129 | U8: {=INDIRECT("d" & (S8+2))} -> 129 | V8: =U8/U$2 -> 1.0487805 | W8: 6 | X8: 569 | Z8: {=INDIRECT("b" & (X8+2))} -> 2.575e+37 | AA8: =Z8/$P$2 -> 2.1020408
A9: 7 | B9: 5000 | D9: 7 | E9: {=INDIRECT("b"&F9+2)} -> 2.5e+29 | F9: =INT((A9-1)*1.333333+400) -> 407 | I9: 7 | J9: {=INDIRECT("b"&K9+2)} -> 2.35e+62 | K9: =INT((A9-1)*40/30+900*40/30)+400 -> 1608 | N9: 570 | P9: {=INDIRECT("b" & (N9+2))} -> 2.8e+37 | Q9: =P9/$P$2 -> 2.2857143 | S9: 130 | U9: {=INDIRECT("d" & (S9+2))} -> 130 | V9: =U9/U$2 -> 1.0569106 | W9: 7 | X9: 570 | Z9: {=INDIRECT("b" & (X9+2))} -> 2.8e+37 | AA9: =Z9/$P$2 -> 2.2857143
A10: 8 | B10: 7000 | D10: 8 | E10: {=INDIRECT("b"&F10+2)} -> 3.5e+29 | F10: =INT((A10-1)*1.333333+400) -> 409 | I10: 8 | J10: {=INDIRECT("b"&K10+2)} -> 2.575e+62 | K10: =INT((A10-1)*40/30+900*40/30)+400 -> 1609 | N10: 571 | P10: {=INDIRECT("b" & (N10+2))} -> 3.025e+37 | Q10: =P10/$P$2 -> 2.4693878 | S10: 131 | U10: {=INDIRECT("d" & (S10+2))} -> 131 | V10: =U10/U$2 -> 1.0650407 | W10: 8 | X10: 571 | Z10: {=INDIRECT("b" & (X10+2))} -> 3.025e+37 | AA10: =Z10/$P$2 -> 2.4693878
A11: 9 | B11: 9000 | D11: 9 | E11: {=INDIRECT("b"&F11+2)} -> 4e+29 | F11: =INT((A11-1)*1.333333+400) -> 410 | I11: 9 | J11: {=INDIRECT("b"&K11+2)} -> 2.8e+62 | K11: =INT((A11-1)*40/30+900*40/30)+400 -> 1610 | N11: 572 | P11: {=INDIRECT("b" & (N11+2))} -> 3.25e+37 | Q11: =P11/$P$2 -> 2.6530612 | S11: 132 | U11: {=INDIRECT("d" & (S11+2))} -> 132 | V11: =U11/U$2 -> 1.0731707 | W11: 9 | X11: 572 | Z11: {=INDIRECT("b" & (X11+2))} -> 3.25e+37 | AA11: =Z11/$P$2 -> 2.6530612
A12: 10 | B12: 12000 | D12: 10 | E12: {=INDIRECT("b"&F12+2)} -> 4.5e+29 | F12: =INT((A12-1)*1.333333+400) -> 411 | I12: 10 | J12: {=INDIRECT("b"&K12+2)} -> 3.25e+62 | K12: =INT((A12-1)*40/30+900*40/30)+400 -> 1612 | N12: 573 | P12: {=INDIRECT("b" & (N12+2))} -> 3.475e+37 | Q12: =P12/$P$2 -> 2.8367347 | S12: 133 | U12: {=INDIRECT("d" & (S12+2))} -> 133 | V12: =U12/U$2 -> 1.0813008 | W12: 10 | X12: 573 | Z12: {=INDIRECT("b" & (X12+2))} -> 3.475e+37 | AA12: =Z12/$P$2 -> 2.8367347
A13: 11 | B13: 15000 | D13: 11 | E13: {=INDIRECT("b"&F13+2)} -> 5.5e+29 | F13: =INT((A13-1)*1.333333+400) -> 413 | I13: 11 | J13: {=INDIRECT("b"&K13+2)} -> 3.475e+62 | K13: =INT((A13-1)*40/30+900*40/30)+400 -> 1613 | N13: 574 | P13: {=INDIRECT("b" & (N13+2))} -> 3.7e+37 | Q13: =P13/$P$2 -> 3.0204082 | S13: 134 | U13: {=INDIRECT("d" & (S13+2))} -> 134 | V13: =U13/U$2 -> 1.0894309 | W13: 11 | X13: 574 | Z13: {=INDIRECT("b" & (X13+2))} -> 3.7e+37 | AA13: =Z13/$P$2 -> 3.0204082
A14: 12 | B14: 18000 | D14: 12 | E14: {=INDIRECT("b"&F14+2)} -> 6e+29 | F14: =INT((A14-1)*1.333333+400) -> 414 | I14: 12 | J14: {=INDIRECT("b"&K14+2)} -> 3.7e+62 | K14: =INT((A14-1)*40/30+900*40/30)+400 -> 1614 | N14: 575 | P14: {=INDIRECT("b" & (N14+2))} -> 3.925e+37 | Q14: =P14/$P$2 -> 3.2040816 | S14: 135 | U14: {=INDIRECT("d" & (S14+2))} -> 135 | V14: =U14/U$2 -> 1.097561 | W14: 12 | X14: 575 | Z14: {=INDIRECT("b" & (X14+2))} -> 3.925e+37 | AA14: =Z14/$P$2 -> 3.2040816
... A124: 122 | B124: 600000000000000 | D124: 122 | E124: {=INDIRECT("b"&F124+2)} -> 9.5e+36 | F124: =INT((A124-1)*1.333333+400) -> 561 | I124: 122 | J124: {=INDIRECT("b"&K124+2)} -> 9.775e+65 | K124: =INT((A124-1)*40/30+900*40/30)+400 -> 1761 | N124: 685 | P124: {=INDIRECT("b" & (N124+2))} -> 1.675e+40 | Q124: =P124/$P$2 -> 1367.3469 | S124: 245 | U124: {=INDIRECT("d" & (S124+2))} -> 245 | V124: =U124/U$2 -> 1.9918699 | W124: 122 | X124: 685 | Z124: {=INDIRECT("b" & (X124+2))} -> 1.675e+40 | AA124: =Z124/$P$2 -> 1367.3469
A125: 123 | B125: 700000000000000 | D125: 123 | E125: {=INDIRECT("b"&F125+2)} -> 1.225e+37 | F125: =INT((A125-123)*1.333333)+563 -> 563 | I125: 123 | J125: {=INDIRECT("b"&K125+2)} -> 1e+66 | K125: =INT((A125-1)*40/30+900*40/30)+400 -> 1762 | N125: 686 | P125: {=INDIRECT("b" & (N125+2))} -> 1.9e+40 | Q125: =P125/$P$2 -> 1551.0204 | S125: 246 | U125: {=INDIRECT("d" & (S125+2))} -> 246 | V125: =U125/U$2 -> 2 | W125: 123 | X125: 686 | Z125: {=INDIRECT("b" & (X125+2))} -> 1.9e+40 | AA125: =Z125/$P$2 -> 1551.0204
A126: 124 | B126: 800000000000000 | D126: 124 | E126: {=INDIRECT("b"&F126+2)} -> 1.45e+37 | F126: =INT((A126-123)*1.333333)+563 -> 564 | I126: 124 | J126: {=INDIRECT("b"&K126+2)} -> 1.45e+66 | K126: =INT((A126-1)*40/30+900*40/30)+400 -> 1764 | N126: 687 | P126: {=INDIRECT("b" & (N126+2))} -> 2.125e+40 | Q126: =P126/$P$2 -> 1734.6939 | S126: 247 | U126: {=INDIRECT("d" & (S126+2))} -> 247 | V126: =U126/U$2 -> 2.0081301 | W126: 124 | X126: 687 | Z126: {=INDIRECT("b" & (X126+2))} -> 2.125e+40 | AA126: =Z126/$P$2 -> 1734.6939
A127: 125 | B127: 900000000000000 | D127: 125 | E127: {=INDIRECT("b"&F127+2)} -> 1.675e+37 | F127: =INT((A127-123)*1.333333)+563 -> 565 | I127: 125 | J127: {=INDIRECT("b"&K127+2)} -> 1.675e+66 | K127: =INT((A127-1)*40/30+900*40/30)+400 -> 1765 | N127: 688 | P127: {=INDIRECT("b" & (N127+2))} -> 2.35e+40 | Q127: =P127/$P$2 -> 1918.3673 | S127: 248 | U127: {=INDIRECT("d" & (S127+2))} -> 248 | V127: =U127/U$2 -> 2.0162602 | W127: 125 | X127: 688 | Z127: {=INDIRECT("b" & (X127+2))} -> 2.35e+40 | AA127: =Z127/$P$2 -> 1918.3673
A128: 126 | B128: 1e+15 | D128: 126 | E128: {=INDIRECT("b"&F128+2)} -> 1.9e+37 | F128: =INT((A128-123)*1.333333)+563 -> 566 | I128: 126 | J128: {=INDIRECT("b"&K128+2)} -> 1.9e+66 | K128: =INT((A128-1)*40/30+900*40/30)+400 -> 1766 | N128: 689 | P128: {=INDIRECT("b" & (N128+2))} -> 2.575e+40 | Q128: =P128/$P$2 -> 2102.0408 | S128: 249 | U128: {=INDIRECT("d" & (S128+2))} -> 249 | V128: =U128/U$2 -> 2.0243902 | W128: 126 | X128: 689 | Z128: {=INDIRECT("b" & (X128+2))} -> 2.575e+40 | AA128: =Z128/$P$2 -> 2102.0408
A129: 127 | B129: 1.5e+15 | D129: 127 | E129: {=INDIRECT("b"&F129+2)} -> 2.35e+37 | F129: =INT((A129-123)*1.333333)+563 -> 568 | I129: 127 | J129: {=INDIRECT("b"&K129+2)} -> 2.35e+66 | K129: =INT((A129-1)*40/30+900*40/30)+400 -> 1768 | N129: 690 | P129: {=INDIRECT("b" & (N129+2))} -> 2.8e+40 | Q129: =P129/$P$2 -> 2285.7143 | S129: 250 | U129: {=INDIRECT("d" & (S129+2))} -> 250 | V129: =U129/U$2 -> 2.0325203 | W129: 127 | X129: 690 | Z129: {=INDIRECT("b" & (X129+2))} -> 2.8e+40 | AA129: =Z129/$P$2 -> 2285.7143
A130: 128 | B130: 2e+15 | D130: 128 | E130: {=INDIRECT("b"&F130+2)} -> 2.575e+37 | F130: =INT((A130-123)*1.333333)+563 -> 569 | I130: 128 | J130: {=INDIRECT("b"&K130+2)} -> 2.575e+66 | K130: =INT((A130-1)*40/30+900*40/30)+400 -> 1769 | N130: 691 | P130: {=INDIRECT("b" & (N130+2))} -> 3.025e+40 | Q130: =P130/$P$2 -> 2469.3878 | S130: 251 | U130: {=INDIRECT("d" & (S130+2))} -> 251 | V130: =U130/U$2 -> 2.0406504 | W130: 128 | X130: 691 | Z130: {=INDIRECT("b" & (X130+2))} -> 3.025e+40 | AA130: =Z130/$P$2 -> 2469.3878
A131: 129 | B131: 2.5e+15 | D131: 129 | E131: {=INDIRECT("b"&F131+2)} -> 2.8e+37 | F131: =INT((A131-123)*1.333333)+563 -> 570 | I131: 129 | J131: {=INDIRECT("b"&K131+2)} -> 2.8e+66 | K131: =INT((A131-1)*40/30+900*40/30)+400 -> 1770 | N131: 692 | P131: {=INDIRECT("b" & (N131+2))} -> 3.25e+40 | Q131: =P131/$P$2 -> 2653.0612 | S131: 252 | U131: {=INDIRECT("d" & (S131+2))} -> 252 | V131: =U131/U$2 -> 2.0487805 | W131: 129 | X131: 692 | Z131: {=INDIRECT("b" & (X131+2))} -> 3.25e+40 | AA131: =Z131/$P$2 -> 2653.0612
A132: 130 | B132: 3e+15 | D132: 130 | E132: {=INDIRECT("b"&F132+2)} -> 3.25e+37 | F132: =INT((A132-123)*1.333333)+563 -> 572 | I132: 130 | J132: {=INDIRECT("b"&K132+2)} -> 3.25e+66 | K132: =INT((A132-1)*40/30+900*40/30)+400 -> 1772 | N132: 693 | P132: {=INDIRECT("b" & (N132+2))} -> 3.475e+40 | Q132: =P132/$P$2 -> 2836.7347 | S132: 253 | U132: {=INDIRECT("d" & (S132+2))} -> 253 | V132: =U132/U$2 -> 2.0569106 | W132: 130 | X132: 693 | Z132: {=INDIRECT("b" & (X132+2))} -> 3.475e+40 | AA132: =Z132/$P$2 -> 2836.7347
A133: 131 | B133: 3.5e+15 | D133: 131 | E133: {=INDIRECT("b"&F133+2)} -> 3.475e+37 | F133: =INT((A133-123)*1.333333)+563 -> 573 | I133: 131 | J133: {=INDIRECT("b"&K133+2)} -> 3.475e+66 | K133: =INT((A133-1)*40/30+900*40/30)+400 -> 1773 | N133: 694 | P133: {=INDIRECT("b" & (N133+2))} -> 3.7e+40 | Q133: =P133/$P$2 -> 3020.4082 | S133: 254 | U133: {=INDIRECT("d" & (S133+2))} -> 254 | V133: =U133/U$2 -> 2.0650407 | W133: 131 | X133: 694 | Z133: {=INDIRECT("b" & (X133+2))} -> 3.7e+40 | AA133: =Z133/$P$2 -> 3020.4082
A134: 132 | B134: 4e+15 | D134: 132 | E134: {=INDIRECT("b"&F134+2)} -> 3.7e+37 | F134: =INT((A134-123)*1.333333)+563 -> 574 | I134: 132 | J134: {=INDIRECT("b"&K134+2)} -> 3.7e+66 | K134: =INT((A134-1)*40/30+900*40/30)+400 -> 1774 | N134: 695 | P134: {=INDIRECT("b" & (N134+2))} -> 3.925e+40 | Q134: =P134/$P$2 -> 3204.0816 | S134: 255 | U134: {=INDIRECT("d" & (S134+2))} -> 255 | V134: =U134/U$2 -> 2.0731707 | W134: 132 | X134: 695 | Z134: {=INDIRECT("b" & (X134+2))} -> 3.925e+40 | AA134: =Z134/$P$2 -> 3204.0816
A135: 133 | B135: 4.5e+15 | D135: 133 | E135: {=INDIRECT("b"&F135+2)} -> 4.15e+37 | F135: =INT((A135-123)*1.333333)+563 -> 576 | I135: 133 | J135: {=INDIRECT("b"&K135+2)} -> 4.15e+66 | K135: =INT((A135-1)*40/30+900*40/30)+400 -> 1776 | N135: 696 | P135: {=INDIRECT("b" & (N135+2))} -> 4.15e+40 | Q135: =P135/$P$2 -> 3387.7551 | S135: 256 | U135: {=INDIRECT("d" & (S135+2))} -> 256 | V135: =U135/U$2 -> 2.0813008 | W135: 133 | X135: 696 | Z135: {=INDIRECT("b" & (X135+2))} -> 4.15e+40 | AA135: =Z135/$P$2 -> 3387.7551
A136: 134 | B136: 5e+15 | D136: 134 | E136: {=INDIRECT("b"&F136+2)} -> 4.375e+37 | F136: =INT((A136-123)*1.333333)+563 -> 577 | I136: 134 | J136: {=INDIRECT("b"&K136+2)} -> 4.375e+66 | K136: =INT((A136-1)*40/30+900*40/30)+400 -> 1777 | N136: 697 | P136: {=INDIRECT("b" & (N136+2))} -> 4.375e+40 | Q136: =P136/$P$2 -> 3571.4286 | S136: 257 | U136: {=INDIRECT("d" & (S136+2))} -> 257 | V136: =U136/U$2 -> 2.0894309 | W136: 134 | X136: 697 | Z136: {=INDIRECT("b" & (X136+2))} -> 4.375e+40 | AA136: =Z136/$P$2 -> 3571.4286
... A440: 438 | B440: 8e+30 | D440: 438 | E440: {=INDIRECT("b"&F440+2)} -> 5.5e+47 | F440: =INT((A440-123)*1.333333)+563 -> 982 | I440: 438 | J440: {=INDIRECT("b"&K440+2)} -> 5.5e+76 | K440: =INT((A440-1)*40/30+900*40/30)+400 -> 2182 | N440: 1001 | P440: {=INDIRECT("b" & (N440+2))} -> 9.775e+47 | Q440: =P440/$P$2 -> 7.9795918e+10 | S440: 561 | U440: {=INDIRECT("d" & (S440+2))} -> 561 | V440: =U440/U$2 -> 4.5609756 | W440: 438 | X440: 1001 | Z440: {=INDIRECT("b" & (X440+2))} -> 9.775e+47 | AA440: =Z440/$P$2 -> 7.9795918e+10
A441: 439 | B441: 8.5e+30 | D441: 439 | E441: {=INDIRECT("b"&F441+2)} -> 5.95e+47 | F441: =INT((A441-123)*1.333333)+563 -> 984 | I441: 439 | J441: {=INDIRECT("b"&K441+2)} -> 5.95e+76 | K441: =INT((A441-1)*40/30+900*40/30)+400 -> 2184
A442: 440 | B442: 9e+30 | D442: 440 | E442: {=INDIRECT("b"&F442+2)} -> 6.175e+47 | F442: =INT((A442-123)*1.333333)+563 -> 985 | I442: 440 | J442: {=INDIRECT("b"&K442+2)} -> 6.175e+76 | K442: =INT((A442-1)*40/30+900*40/30)+400 -> 2185
A443: 441 | B443: 9.5e+30 | D443: 441 | E443: {=INDIRECT("b"&F443+2)} -> 6.4e+47 | F443: =INT((A443-123)*1.333333)+563 -> 986 | I443: 441 | J443: {=INDIRECT("b"&K443+2)} -> 6.4e+76 | K443: =INT((A443-1)*40/30+900*40/30)+400 -> 2186
A444: 442 | B444: 1e+31 | D444: 442 | E444: {=INDIRECT("b"&F444+2)} -> 6.85e+47 | F444: =INT((A444-123)*1.333333)+563 -> 988 | I444: 442 | J444: {=INDIRECT("b"&K444+2)} -> 6.85e+76 | K444: =INT((A444-1)*40/30+900*40/30)+400 -> 2188
A445: 443 | B445: 1.05e+31 | D445: 443 | E445: {=INDIRECT("b"&F445+2)} -> 7.075e+47 | F445: =INT((A445-123)*1.333333)+563 -> 989 | I445: 443 | J445: {=INDIRECT("b"&K445+2)} -> 7.075e+76 | K445: =INT((A445-1)*40/30+900*40/30)+400 -> 2189
A446: 444 | B446: 1.1e+31 | D446: 444 | E446: {=INDIRECT("b"&F446+2)} -> 7.3e+47 | F446: =INT((A446-123)*1.333333)+563 -> 990 | I446: 444 | J446: {=INDIRECT("b"&K446+2)} -> 7.3e+76 | K446: =INT((A446-1)*40/30+900*40/30)+400 -> 2190
A447: 445 | B447: 1.5e+31 | D447: 445 | E447: {=INDIRECT("b"&F447+2)} -> 7.75e+47 | F447: =INT((A447-123)*1.333333)+563 -> 992 | I447: 445 | J447: {=INDIRECT("b"&K447+2)} -> 7.75e+76 | K447: =INT((A447-1)*40/30+900*40/30)+400 -> 2192
A448: 446 | B448: 2e+31 | D448: 446 | E448: {=INDIRECT("b"&F448+2)} -> 7.975e+47 | F448: =INT((A448-123)*1.333333)+563 -> 993 | I448: 446 | J448: {=INDIRECT("b"&K448+2)} -> 7.975e+76 | K448: =INT((A448-1)*40/30+900*40/30)+400 -> 2193
A449: 447 | B449: 2.5e+31 | D449: 447 | E449: {=INDIRECT("b"&F449+2)} -> 8.2e+47 | F449: =INT((A449-123)*1.333333)+563 -> 994 | I449: 447 | J449: {=INDIRECT("b"&K449+2)} -> 8.2e+76 | K449: =INT((A449-1)*40/30+900*40/30)+400 -> 2194
A450: 448 | B450: 3e+31 | D450: 448 | E450: {=INDIRECT("b"&F450+2)} -> 8.65e+47 | F450: =INT((A450-123)*1.333333)+563 -> 996 | I450: 448 | J450: {=INDIRECT("b"&K450+2)} -> 8.65e+76 | K450: =INT((A450-1)*40/30+900*40/30)+400 -> 2196
A451: 449 | B451: 3.5e+31 | D451: 449 | E451: {=INDIRECT("b"&F451+2)} -> 8.875e+47 | F451: =INT((A451-123)*1.333333)+563 -> 997 | I451: 449 | J451: {=INDIRECT("b"&K451+2)} -> 8.875e+76 | K451: =INT((A451-1)*40/30+900*40/30)+400 -> 2197
A452: 450 | B452: 4e+31 | D452: 450 | E452: {=INDIRECT("b"&F452+2)} -> 9.1e+47 | F452: =INT((A452-123)*1.333333)+563 -> 998 | I452: 450 | J452: {=INDIRECT("b"&K452+2)} -> 9.1e+76 | K452: =INT((A452-1)*40/30+900*40/30)+400 -> 2198
... A726: 724 | B726: 1.45e+41 | D726: 724 | E726: {=INDIRECT("b"&F726+2)} -> 1.45e+57 | F726: =INT((A726-123)*1.333333)+563 -> 1364 | I726: 724 | J726: {=INDIRECT("b"&K726+2)} -> 1.45e+86 | K726: =INT((A726-1)*40/30+900*40/30)+400 -> 2564
A727: 725 | B727: 1.675e+41 | D727: 725 | E727: {=INDIRECT("b"&F727+2)} -> 1.675e+57 | F727: =INT((A727-123)*1.333333)+563 -> 1365 | G727: 1.6e+57 | I727: 725 | J727: {=INDIRECT("b"&K727+2)} -> 1.675e+86 | K727: =INT((A727-1)*40/30+900*40/30)+400 -> 2565
A728: 726 | B728: 1.9e+41 | D728: 726 | E728: {=INDIRECT("b"&F728+2)} -> 1.9e+57 | F728: =INT((A728-123)*1.333333)+563 -> 1366 | G728: 1.9e+57 | I728: 726 | J728: {=INDIRECT("b"&K728+2)} -> 1.9e+86 | K728: =INT((A728-1)*40/30+900*40/30)+400 -> 2566
A729: 727 | B729: 2.125e+41 | D729: 727 | E729: {=INDIRECT("b"&F729+2)} -> 2.35e+57 | F729: =INT((A729-123)*1.333333)+563 -> 1368 | G729: 2.2e+57 | I729: 727 | J729: {=INDIRECT("b"&K729+2)} -> 2.35e+86 | K729: =INT((A729-1)*40/30+900*40/30)+400 -> 2568
A730: 728 | B730: 2.35e+41 | D730: 728 | E730: {=INDIRECT("b"&F730+2)} -> 2.575e+57 | F730: =INT((A730-123)*1.333333)+563 -> 1369 | G730: 2.5e+57 | I730: 728 | J730: {=INDIRECT("b"&K730+2)} -> 2.575e+86 | K730: =INT((A730-1)*40/30+900*40/30)+400 -> 2569
A731: 729 | B731: 2.575e+41 | D731: 729 | E731: {=INDIRECT("b"&F731+2)} -> 2.8e+57 | F731: =INT((A731-123)*1.333333)+563 -> 1370 | G731: 2.8e+57 | I731: 729 | J731: {=INDIRECT("b"&K731+2)} -> 2.8e+86 | K731: =INT((A731-1)*40/30+900*40/30)+400 -> 2570
A732: 730 | B732: 2.8e+41 | D732: 730 | E732: {=INDIRECT("b"&F732+2)} -> 3.25e+57 | F732: =INT((A732-123)*1.333333)+563 -> 1372 | G732: 3.1e+57 | H732: =G732/G727 -> 1.9375 | I732: 730 | J732: {=INDIRECT("b"&K732+2)} -> 3.25e+86 | K732: =INT((A732-1)*40/30+900*40/30)+400 -> 2572
A733: 731 | B733: 3.025e+41 | D733: 731 | E733: {=INDIRECT("b"&F733+2)} -> 3.475e+57 | F733: =INT((A733-123)*1.333333)+563 -> 1373 | I733: 731 | J733: {=INDIRECT("b"&K733+2)} -> 3.475e+86 | K733: =INT((A733-1)*40/30+900*40/30)+400 -> 2573
A734: 732 | B734: 3.25e+41 | D734: 732 | E734: {=INDIRECT("b"&F734+2)} -> 3.7e+57 | F734: =INT((A734-123)*1.333333)+563 -> 1374 | I734: 732 | J734: {=INDIRECT("b"&K734+2)} -> 3.7e+86 | K734: =INT((A734-1)*40/30+900*40/30)+400 -> 2574
A735: 733 | B735: 3.475e+41 | D735: 733 | E735: {=INDIRECT("b"&F735+2)} -> 4.15e+57 | F735: =INT((A735-123)*1.333333)+563 -> 1376 | I735: 733 | J735: {=INDIRECT("b"&K735+2)} -> 4.15e+86 | K735: =INT((A735-1)*40/30+900*40/30)+400 -> 2576
A736: 734 | B736: 3.7e+41 | C736: =B736/B734 -> 1.1384615 | D736: 734 | E736: {=INDIRECT("b"&F736+2)} -> 4.375e+57 | F736: =INT((A736-123)*1.333333)+563 -> 1377 | I736: 734 | J736: {=INDIRECT("b"&K736+2)} -> 4.375e+86 | K736: =INT((A736-1)*40/30+900*40/30)+400 -> 2577
A737: 735 | B737: 3.925e+41 | C737: =B737/B736 -> 1.0608108 | D737: 735 | E737: {=INDIRECT("b"&F737+2)} -> 4.6e+57 | F737: =INT((A737-123)*1.333333)+563 -> 1378 | I737: 735 | J737: {=INDIRECT("b"&K737+2)} -> 4.6e+86 | K737: =INT((A737-1)*40/30+900*40/30)+400 -> 2578
A738: 736 | B738: 4.15e+41 | C738: =B738/B737 -> 1.0573248 | D738: 736 | E738: {=INDIRECT("b"&F738+2)} -> 5.05e+57 | F738: =INT((A738-123)*1.333333)+563 -> 1380 | G738: 4.9e+57 | I738: 736 | J738: {=INDIRECT("b"&K738+2)} -> 5.05e+86 | K738: =INT((A738-1)*40/30+900*40/30)+400 -> 2580
A739: 737 | B739: 4.375e+41 | C739: =B739/B738 -> 1.0542169 | D739: 737 | E739: {=INDIRECT("b"&F739+2)} -> 5.275e+57 | F739: =INT((A739-123)*1.333333)+563 -> 1381 | G739: 5.2e+57 | H739: =G739/G732 -> 1.6774194 | I739: 737 | J739: {=INDIRECT("b"&K739+2)} -> 5.275e+86 | K739: =INT((A739-1)*40/30+900*40/30)+400 -> 2581
A740: 738 | B740: 4.6e+41 | C740: =B740/B739 -> 1.0514286 | D740: 738 | E740: {=INDIRECT("b"&F740+2)} -> 5.5e+57 | F740: =INT((A740-123)*1.333333)+563 -> 1382 | I740: 738 | J740: {=INDIRECT("b"&K740+2)} -> 5.5e+86 | K740: =INT((A740-1)*40/30+900*40/30)+400 -> 2582
A741: 739 | B741: 4.825e+41 | C741: =B741/B740 -> 1.048913 | D741: 739 | E741: {=INDIRECT("b"&F741+2)} -> 5.95e+57 | F741: =INT((A741-123)*1.333333)+563 -> 1384 | I741: 739 | J741: {=INDIRECT("b"&K741+2)} -> 5.95e+86 | K741: =INT((A741-1)*40/30+900*40/30)+400 -> 2584
A742: 740 | B742: 5.05e+41 | C742: =B742/B741 -> 1.0466321 | D742: 740 | E742: {=INDIRECT("b"&F742+2)} -> 6.175e+57 | F742: =INT((A742-123)*1.333333)+563 -> 1385 | I742: 740 | J742: {=INDIRECT("b"&K742+2)} -> 6.175e+86 | K742: =INT((A742-1)*40/30+900*40/30)+400 -> 2585
A743: 741 | B743: 5.275e+41 | C743: =B743/B742 -> 1.0445545 | D743: 741 | E743: {=INDIRECT("b"&F743+2)} -> 6.4e+57 | F743: =INT((A743-123)*1.333333)+563 -> 1386 | I743: 741 | J743: {=INDIRECT("b"&K743+2)} -> 6.4e+86 | K743: =INT((A743-1)*40/30+900*40/30)+400 -> 2586
A744: 742 | B744: 5.5e+41 | C744: =B744/B743 -> 1.042654 | D744: 742 | E744: {=INDIRECT("b"&F744+2)} -> 6.85e+57 | F744: =INT((A744-123)*1.333333)+563 -> 1388 | G744: =E744/E739 -> 1.2985782 | I744: 742 | J744: {=INDIRECT("b"&K744+2)} -> 6.85e+86 | K744: =INT((A744-1)*40/30+900*40/30)+400 -> 2588
A745: 743 | B745: 5.725e+41 | C745: =B745/B744 -> 1.0409091 | D745: 743 | E745: {=INDIRECT("b"&F745+2)} -> 7.075e+57 | F745: =INT((A745-123)*1.333333)+563 -> 1389 | I745: 743 | J745: {=INDIRECT("b"&K745+2)} -> 7.075e+86 | K745: =INT((A745-1)*40/30+900*40/30)+400 -> 2589
A746: 744 | B746: 5.95e+41 | C746: =B746/B745 -> 1.0393013 | D746: 744 | E746: {=INDIRECT("b"&F746+2)} -> 7.3e+57 | F746: =INT((A746-123)*1.333333)+563 -> 1390 | I746: 744 | J746: {=INDIRECT("b"&K746+2)} -> 7.3e+86 | K746: =INT((A746-1)*40/30+900*40/30)+400 -> 2590
A747: 745 | B747: 6.175e+41 | C747: =B747/B746 -> 1.0378151 | D747: 745 | E747: {=INDIRECT("b"&F747+2)} -> 7.75e+57 | F747: =INT((A747-123)*1.333333)+563 -> 1392 | I747: 745 | J747: {=INDIRECT("b"&K747+2)} -> 7.75e+86 | K747: =INT((A747-1)*40/30+900*40/30)+400 -> 2592
A748: 746 | B748: 6.4e+41 | C748: =B748/B747 -> 1.0364372 | D748: 746 | E748: {=INDIRECT("b"&F748+2)} -> 7.975e+57 | F748: =INT((A748-123)*1.333333)+563 -> 1393 | I748: 746 | J748: {=INDIRECT("b"&K748+2)} -> 7.975e+86 | K748: =INT((A748-1)*40/30+900*40/30)+400 -> 2593
A749: 747 | B749: 6.625e+41 | C749: =B749/B748 -> 1.0351563 | D749: 747 | E749: {=INDIRECT("b"&F749+2)} -> 8.2e+57 | F749: =INT((A749-123)*1.333333)+563 -> 1394 | G749: =E749/E744 -> 1.1970803 | I749: 747 | J749: {=INDIRECT("b"&K749+2)} -> 8.2e+86 | K749: =INT((A749-1)*40/30+900*40/30)+400 -> 2594
A750: 748 | B750: 6.85e+41 | C750: =B750/B749 -> 1.0339623 | D750: 748 | E750: {=INDIRECT("b"&F750+2)} -> 8.65e+57 | F750: =INT((A750-123)*1.333333)+563 -> 1396 | I750: 748 | J750: {=INDIRECT("b"&K750+2)} -> 8.65e+86 | K750: =INT((A750-1)*40/30+900*40/30)+400 -> 2596
A751: 749 | B751: 7.075e+41 | C751: =B751/B750 -> 1.0328467 | D751: 749 | E751: {=INDIRECT("b"&F751+2)} -> 8.875e+57 | F751: =INT((A751-123)*1.333333)+563 -> 1397 | I751: 749 | J751: {=INDIRECT("b"&K751+2)} -> 8.875e+86 | K751: =INT((A751-1)*40/30+900*40/30)+400 -> 2597
A752: 750 | B752: 7.3e+41 | C752: =B752/B751 -> 1.0318021 | D752: 750 | E752: {=INDIRECT("b"&F752+2)} -> 9.1e+57 | F752: =INT((A752-123)*1.333333)+563 -> 1398 | I752: 750 | J752: {=INDIRECT("b"&K752+2)} -> 9.1e+86 | K752: =INT((A752-1)*40/30+900*40/30)+400 -> 2598
A753: 751 | B753: 7.525e+41 | C753: =B753/B752 -> 1.0308219 | D753: 751 | E753: {=INDIRECT("b"&F753+2)} -> 9.55e+57 | F753: =INT((A753-123)*1.333333)+563 -> 1400 | I753: 751 | J753: {=INDIRECT("b"&K753+2)} -> 9.55e+86 | K753: =INT((A753-1)*40/30+900*40/30)+400 -> 2600 | M753: =#REF!/#REF! -> #REF!
A754: 752 | B754: 7.75e+41 | D754: 752 | E754: {=INDIRECT("b"&F754+2)} -> 9.775e+57 | F754: =INT((A754-123)*1.333333)+563 -> 1401 | G754: =E754/E749 -> 1.1920732 | I754: 752 | J754: {=INDIRECT("b"&K754+2)} -> 9.775e+86 | K754: =INT((A754-1)*40/30+900*40/30)+400 -> 2601 | M754: =#REF!/#REF! -> #REF!
A755: 753 | B755: 7.975e+41 | D755: 753 | E755: {=INDIRECT("b"&F755+2)} -> 1e+58 | F755: =INT((A755-123)*1.333333)+563 -> 1402 | I755: 753 | J755: {=INDIRECT("b"&K755+2)} -> 1e+87 | K755: =INT((A755-1)*40/30+900*40/30)+400 -> 2602 | M755: =#REF!/#REF! -> #REF!
A756: 754 | B756: 8.2e+41 | D756: 754 | E756: {=INDIRECT("b"&F756+2)} -> 1.45e+58 | F756: =INT((A756-123)*1.333333)+563 -> 1404 | I756: 754 | J756: {=INDIRECT("b"&K756+2)} -> 1.45e+87 | K756: =INT((A756-1)*40/30+900*40/30)+400 -> 2604 | M756: =#REF!/#REF! -> #REF!
A757: 755 | B757: 8.425e+41 | D757: 755 | E757: {=INDIRECT("b"&F757+2)} -> 1.675e+58 | F757: =INT((A757-123)*1.333333)+563 -> 1405 | I757: 755 | J757: {=INDIRECT("b"&K757+2)} -> 1.675e+87 | K757: =INT((A757-1)*40/30+900*40/30)+400 -> 2605 | M757: =#REF!/#REF! -> #REF!
A758: 756 | B758: 8.65e+41 | D758: 756 | E758: {=INDIRECT("b"&F758+2)} -> 1.9e+58 | F758: =INT((A758-123)*1.333333)+563 -> 1406 | I758: 756 | J758: {=INDIRECT("b"&K758+2)} -> 1.9e+87 | K758: =INT((A758-1)*40/30+900*40/30)+400 -> 2606 | M758: =#REF!/#REF! -> #REF!
A759: 757 | B759: 8.875e+41 | D759: 757 | E759: {=INDIRECT("b"&F759+2)} -> 2.35e+58 | F759: =INT((A759-123)*1.333333)+563 -> 1408 | G759: =E759/E754 -> 2.4040921 | I759: 757 | J759: {=INDIRECT("b"&K759+2)} -> 2.35e+87 | K759: =INT((A759-1)*40/30+900*40/30)+400 -> 2608 | M759: =#REF!/#REF! -> #REF!
A760: 758 | B760: 9.1e+41 | D760: 758 | E760: {=INDIRECT("b"&F760+2)} -> 2.575e+58 | F760: =INT((A760-123)*1.333333)+563 -> 1409 | I760: 758 | J760: {=INDIRECT("b"&K760+2)} -> 2.575e+87 | K760: =INT((A760-1)*40/30+900*40/30)+400 -> 2609 | M760: =#REF!/#REF! -> #REF!
A761: 759 | B761: 9.325e+41 | D761: 759 | E761: {=INDIRECT("b"&F761+2)} -> 2.8e+58 | F761: =INT((A761-123)*1.333333)+563 -> 1410 | I761: 759 | J761: {=INDIRECT("b"&K761+2)} -> 2.8e+87 | K761: =INT((A761-1)*40/30+900*40/30)+400 -> 2610 | M761: =#REF!/#REF! -> #REF!
A762: 760 | B762: 9.55e+41 | D762: 760 | E762: {=INDIRECT("b"&F762+2)} -> 3.25e+58 | F762: =INT((A762-123)*1.333333)+563 -> 1412 | I762: 760 | J762: {=INDIRECT("b"&K762+2)} -> 3.25e+87 | K762: =INT((A762-1)*40/30+900*40/30)+400 -> 2612 | M762: =#REF!/#REF! -> #REF!
A763: 761 | B763: 9.775e+41 | D763: 761 | E763: {=INDIRECT("b"&F763+2)} -> 3.475e+58 | F763: =INT((A763-123)*1.333333)+563 -> 1413 | I763: 761 | J763: {=INDIRECT("b"&K763+2)} -> 3.475e+87 | K763: =INT((A763-1)*40/30+900*40/30)+400 -> 2613 | M763: =#REF!/#REF! -> #REF!
A764: 762 | B764: 1e+42 | D764: 762 | E764: {=INDIRECT("b"&F764+2)} -> 3.7e+58 | F764: =INT((A764-123)*1.333333)+563 -> 1414 | G764: =E764/E759 -> 1.5744681 | I764: 762 | J764: {=INDIRECT("b"&K764+2)} -> 3.7e+87 | K764: =INT((A764-1)*40/30+900*40/30)+400 -> 2614 | M764: =#REF!/#REF! -> #REF!
A765: 763 | B765: 1.225e+42 | D765: 763 | E765: {=INDIRECT("b"&F765+2)} -> 4.15e+58 | F765: =INT((A765-123)*1.333333)+563 -> 1416 | I765: 763 | J765: {=INDIRECT("b"&K765+2)} -> 4.15e+87 | K765: =INT((A765-1)*40/30+900*40/30)+400 -> 2616 | M765: =#REF!/#REF! -> #REF!
A766: 764 | B766: 1.45e+42 | D766: 764 | E766: {=INDIRECT("b"&F766+2)} -> 4.375e+58 | F766: =INT((A766-123)*1.333333)+563 -> 1417 | I766: 764 | J766: {=INDIRECT("b"&K766+2)} -> 4.375e+87 | K766: =INT((A766-1)*40/30+900*40/30)+400 -> 2617 | M766: =#REF!/#REF! -> #REF!
A767: 765 | B767: 1.675e+42 | D767: 765 | E767: {=INDIRECT("b"&F767+2)} -> 4.6e+58 | F767: =INT((A767-123)*1.333333)+563 -> 1418 | I767: 765 | J767: {=INDIRECT("b"&K767+2)} -> 4.6e+87 | K767: =INT((A767-1)*40/30+900*40/30)+400 -> 2618 | L767: 43 | M767: =#REF!/#REF! -> #REF!
A768: 766 | B768: 1.9e+42 | D768: 766 | E768: {=INDIRECT("b"&F768+2)} -> 5.05e+58 | F768: =INT((A768-123)*1.333333)+563 -> 1420 | I768: 766 | J768: {=INDIRECT("b"&K768+2)} -> 5.05e+87 | K768: =INT((A768-1)*40/30+900*40/30)+400 -> 2620 | M768: =#REF!/#REF! -> #REF!
A769: 767 | B769: 2.125e+42 | D769: 767 | E769: {=INDIRECT("b"&F769+2)} -> 5.275e+58 | F769: =INT((A769-123)*1.333333)+563 -> 1421 | G769: =E769/E764 -> 1.4256757 | I769: 767 | J769: {=INDIRECT("b"&K769+2)} -> 5.275e+87 | K769: =INT((A769-1)*40/30+900*40/30)+400 -> 2621 | M769: =#REF!/#REF! -> #REF!
A770: 768 | B770: 2.35e+42 | D770: 768 | E770: {=INDIRECT("b"&F770+2)} -> 5.5e+58 | F770: =INT((A770-123)*1.333333)+563 -> 1422 | I770: 768 | J770: {=INDIRECT("b"&K770+2)} -> 5.5e+87 | K770: =INT((A770-1)*40/30+900*40/30)+400 -> 2622
A771: 769 | B771: 2.575e+42 | D771: 769 | E771: {=INDIRECT("b"&F771+2)} -> 5.95e+58 | F771: =INT((A771-123)*1.333333)+563 -> 1424 | I771: 769 | J771: {=INDIRECT("b"&K771+2)} -> 5.95e+87 | K771: =INT((A771-1)*40/30+900*40/30)+400 -> 2624
A772: 770 | B772: 2.8e+42 | D772: 770 | E772: {=INDIRECT("b"&F772+2)} -> 6.175e+58 | F772: =INT((A772-123)*1.333333)+563 -> 1425 | I772: 770 | J772: {=INDIRECT("b"&K772+2)} -> 6.175e+87 | K772: =INT((A772-1)*40/30+900*40/30)+400 -> 2625
A773: 771 | B773: 3.025e+42 | D773: 771 | E773: {=INDIRECT("b"&F773+2)} -> 6.4e+58 | F773: =INT((A773-123)*1.333333)+563 -> 1426 | I773: 771 | J773: {=INDIRECT("b"&K773+2)} -> 6.4e+87 | K773: =INT((A773-1)*40/30+900*40/30)+400 -> 2626
A774: 772 | B774: 3.25e+42 | D774: 772 | E774: {=INDIRECT("b"&F774+2)} -> 6.85e+58 | F774: =INT((A774-123)*1.333333)+563 -> 1428 | G774: =E774/E769 -> 1.2985782 | I774: 772 | J774: {=INDIRECT("b"&K774+2)} -> 6.85e+87 | K774: =INT((A774-1)*40/30+900*40/30)+400 -> 2628
A775: 773 | B775: 3.475e+42 | D775: 773 | E775: {=INDIRECT("b"&F775+2)} -> 7.075e+58 | F775: =INT((A775-123)*1.333333)+563 -> 1429 | I775: 773 | J775: {=INDIRECT("b"&K775+2)} -> 7.075e+87 | K775: =INT((A775-1)*40/30+900*40/30)+400 -> 2629
A776: 774 | B776: 3.7e+42 | D776: 774 | E776: {=INDIRECT("b"&F776+2)} -> 7.3e+58 | F776: =INT((A776-123)*1.333333)+563 -> 1430 | I776: 774 | J776: {=INDIRECT("b"&K776+2)} -> 7.3e+87 | K776: =INT((A776-1)*40/30+900*40/30)+400 -> 2630
A777: 775 | B777: 3.925e+42 | D777: 775 | E777: {=INDIRECT("b"&F777+2)} -> 7.75e+58 | F777: =INT((A777-123)*1.333333)+563 -> 1432 | I777: 775 | J777: {=INDIRECT("b"&K777+2)} -> 7.75e+87 | K777: =INT((A777-1)*40/30+900*40/30)+400 -> 2632
A778: 776 | B778: 4.15e+42 | D778: 776 | E778: {=INDIRECT("b"&F778+2)} -> 7.975e+58 | F778: =INT((A778-123)*1.333333)+563 -> 1433 | I778: 776 | J778: {=INDIRECT("b"&K778+2)} -> 7.975e+87 | K778: =INT((A778-1)*40/30+900*40/30)+400 -> 2633 | O778: INDEX(K:K, R802+2) / INDEX(K:K, Q802+1)
A779: 777 | B779: 4.375e+42 | D779: 777 | E779: {=INDIRECT("b"&F779+2)} -> 8.2e+58 | F779: =INT((A779-123)*1.333333)+563 -> 1434 | G779: =E779/E774 -> 1.1970803 | I779: 777 | J779: {=INDIRECT("b"&K779+2)} -> 8.2e+87 | K779: =INT((A779-1)*40/30+900*40/30)+400 -> 2634 | O779: INDEX(K:K, Q802+2) / INDEX(K:K, Q802+1)
A780: 778 | B780: 4.6e+42 | D780: 778 | E780: {=INDIRECT("b"&F780+2)} -> 8.65e+58 | F780: =INT((A780-123)*1.333333)+563 -> 1436 | I780: 778 | J780: {=INDIRECT("b"&K780+2)} -> 8.65e+87 | K780: =INT((A780-1)*40/30+900*40/30)+400 -> 2636 | N780: K802/$K$801
A781: 779 | B781: 4.825e+42 | D781: 779 | E781: {=INDIRECT("b"&F781+2)} -> 8.875e+58 | F781: =INT((A781-123)*1.333333)+563 -> 1437 | I781: 779 | J781: {=INDIRECT("b"&K781+2)} -> 8.875e+87 | K781: =INT((A781-1)*40/30+900*40/30)+400 -> 2637 | N781: {=INDEX(#REF!,#REF!+ 2) / INDEX(#REF!,#REF!+ 1)} -> #REF! | O781: {=INDEX(#REF!,#REF!+ 1) / INDEX(#REF!,#REF!+ 1)} -> #REF!
A782: 780 | B782: 5.05e+42 | D782: 780 | E782: {=INDIRECT("b"&F782+2)} -> 9.1e+58 | F782: =INT((A782-123)*1.333333)+563 -> 1438 | I782: 780 | J782: {=INDIRECT("b"&K782+2)} -> 9.1e+87 | K782: =INT((A782-1)*40/30+900*40/30)+400 -> 2638
A783: 781 | B783: 5.275e+42 | D783: 781 | E783: {=INDIRECT("b"&F783+2)} -> 9.55e+58 | F783: =INT((A783-123)*1.333333)+563 -> 1440 | I783: 781 | J783: {=INDIRECT("b"&K783+2)} -> 9.55e+87 | K783: =INT((A783-1)*40/30+900*40/30)+400 -> 2640
A784: 782 | B784: 5.5e+42 | D784: 782 | E784: {=INDIRECT("b"&F784+2)} -> 9.775e+58 | F784: =INT((A784-123)*1.333333)+563 -> 1441 | G784: =E784/E779 -> 1.1920732 | I784: 782 | J784: {=INDIRECT("b"&K784+2)} -> 9.775e+87 | K784: =INT((A784-1)*40/30+900*40/30)+400 -> 2641
A785: 783 | B785: 5.725e+42 | D785: 783 | E785: {=INDIRECT("b"&F785+2)} -> 1e+59 | F785: =INT((A785-123)*1.333333)+563 -> 1442 | I785: 783 | J785: {=INDIRECT("b"&K785+2)} -> 1e+88 | K785: =INT((A785-1)*40/30+900*40/30)+400 -> 2642
...

Sheet 스테이지 계산
A1: 일반 | B1: 어려움 | C1: 어려움->일반 | D1: 극한 | E1: 극한->일반 | F1: 지옥 | G1: 지옥->일반 | H1: 연옥 | I1: 연옥->일반
A2: 1 | B2: 1 | D2: 1 | E2: 1560 | F2: 1 | G2: 2718 | H2: 1 | I2: 3876
A3: 2 | B3: 2 | D3: 2 | E3: =INT((D3-D$2)*1.3333333)+E$2 -> 1561 | F3: 2 | G3: =INT((F3-F$2)*1.3333333)+G$2 -> 2719 | H3: 2 | I3: =INT((H3-H$2)*1.3333333)+I$2 -> 3877
A4: 3 | B4: 3 | D4: 3 | E4: =INT((D4-D$2)*1.3333333)+E$2 -> 1562 | F4: 3 | G4: =INT((F4-F$2)*1.3333333)+G$2 -> 2720 | H4: 3 | I4: =INT((H4-H$2)*1.3333333)+I$2 -> 3878
A5: 4 | B5: 4 | D5: 4 | E5: =INT((D5-D$2)*1.3333333)+E$2 -> 1563 | F5: 4 | G5: =INT((F5-F$2)*1.3333333)+G$2 -> 2721 | H5: 4 | I5: =INT((H5-H$2)*1.3333333)+I$2 -> 3879
A6: 5 | B6: 5 | D6: 5 | E6: =INT((D6-D$2)*1.3333333)+E$2 -> 1565 | F6: 5 | G6: =INT((F6-F$2)*1.3333333)+G$2 -> 2723 | H6: 5 | I6: =INT((H6-H$2)*1.3333333)+I$2 -> 3881
A7: 6 | B7: 6 | D7: 6 | E7: =INT((D7-D$2)*1.3333333)+E$2 -> 1566 | F7: 6 | G7: =INT((F7-F$2)*1.3333333)+G$2 -> 2724 | H7: 6 | I7: =INT((H7-H$2)*1.3333333)+I$2 -> 3882
A8: 7 | B8: 7 | D8: 7 | E8: =INT((D8-D$2)*1.3333333)+E$2 -> 1567 | F8: 7 | G8: =INT((F8-F$2)*1.3333333)+G$2 -> 2725 | H8: 7 | I8: =INT((H8-H$2)*1.3333333)+I$2 -> 3883
A9: 8 | B9: 8 | D9: 8 | E9: =INT((D9-D$2)*1.3333333)+E$2 -> 1569 | F9: 8 | G9: =INT((F9-F$2)*1.3333333)+G$2 -> 2727 | H9: 8 | I9: =INT((H9-H$2)*1.3333333)+I$2 -> 3885
A10: 9 | B10: 9 | D10: 9 | E10: =INT((D10-D$2)*1.3333333)+E$2 -> 1570 | F10: 9 | G10: =INT((F10-F$2)*1.3333333)+G$2 -> 2728 | H10: 9 | I10: =INT((H10-H$2)*1.3333333)+I$2 -> 3886
A11: 10 | B11: 10 | D11: 10 | E11: =INT((D11-D$2)*1.3333333)+E$2 -> 1571 | F11: 10 | G11: =INT((F11-F$2)*1.3333333)+G$2 -> 2729 | H11: 10 | I11: =INT((H11-H$2)*1.3333333)+I$2 -> 3887
A12: 11 | B12: 11 | D12: 11 | E12: =INT((D12-D$2)*1.3333333)+E$2 -> 1573 | F12: 11 | G12: =INT((F12-F$2)*1.3333333)+G$2 -> 2731 | H12: 11 | I12: =INT((H12-H$2)*1.3333333)+I$2 -> 3889
A13: 12 | B13: 12 | D13: 12 | E13: =INT((D13-D$2)*1.3333333)+E$2 -> 1574 | F13: 12 | G13: =INT((F13-F$2)*1.3333333)+G$2 -> 2732 | H13: 12 | I13: =INT((H13-H$2)*1.3333333)+I$2 -> 3890
A14: 13 | B14: 13 | D14: 13 | E14: =INT((D14-D$2)*1.3333333)+E$2 -> 1575 | F14: 13 | G14: =INT((F14-F$2)*1.3333333)+G$2 -> 2733 | H14: 13 | I14: =INT((H14-H$2)*1.3333333)+I$2 -> 3891
... A121: 120 | B121: 120 | D121: 120 | E121: =INT((D121-D$2)*1.3333333)+E$2 -> 1718 | F121: 120 | G121: =INT((F121-F$2)*1.3333333)+G$2 -> 2876 | H121: 120 | I121: =INT((H121-H$2)*1.3333333)+I$2 -> 4034
A122: 121 | B122: 121 | C122: =562 -> 562 | D122: 121 | E122: =INT((D122-D$2)*1.3333333)+E$2 -> 1719 | F122: 121 | G122: =INT((F122-F$2)*1.3333333)+G$2 -> 2877 | H122: 121 | I122: =INT((H122-H$2)*1.3333333)+I$2 -> 4035
A123: 122 | B123: 122 | C123: =INT((B123-B$122)*1.3333333)+C$122 -> 563 | D123: 122 | E123: =INT((D123-D$2)*1.3333333)+E$2 -> 1721 | F123: 122 | G123: =INT((F123-F$2)*1.3333333)+G$2 -> 2879 | H123: 122 | I123: =INT((H123-H$2)*1.3333333)+I$2 -> 4037
A124: 123 | B124: 123 | C124: =INT((B124-B$122)*1.3333333)+C$122 -> 564 | D124: 123 | E124: =INT((D124-D$2)*1.3333333)+E$2 -> 1722 | F124: 123 | G124: =INT((F124-F$2)*1.3333333)+G$2 -> 2880 | H124: 123 | I124: =INT((H124-H$2)*1.3333333)+I$2 -> 4038
A125: 124 | B125: 124 | C125: =INT((B125-B$122)*1.3333333)+C$122 -> 565 | D125: 124 | E125: =INT((D125-D$2)*1.3333333)+E$2 -> 1723 | F125: 124 | G125: =INT((F125-F$2)*1.3333333)+G$2 -> 2881 | H125: 124 | I125: =INT((H125-H$2)*1.3333333)+I$2 -> 4039
A126: 125 | B126: 125 | C126: =INT((B126-B$122)*1.3333333)+C$122 -> 567 | D126: 125 | E126: =INT((D126-D$2)*1.3333333)+E$2 -> 1725 | F126: 125 | G126: =INT((F126-F$2)*1.3333333)+G$2 -> 2883 | H126: 125 | I126: =INT((H126-H$2)*1.3333333)+I$2 -> 4041
A127: 126 | B127: 126 | C127: =INT((B127-B$122)*1.3333333)+C$122 -> 568 | D127: 126 | E127: =INT((D127-D$2)*1.3333333)+E$2 -> 1726 | F127: 126 | G127: =INT((F127-F$2)*1.3333333)+G$2 -> 2884 | H127: 126 | I127: =INT((H127-H$2)*1.3333333)+I$2 -> 4042
A128: 127 | B128: 127 | C128: =INT((B128-B$122)*1.3333333)+C$122 -> 569 | D128: 127 | E128: =INT((D128-D$2)*1.3333333)+E$2 -> 1727 | F128: 127 | G128: =INT((F128-F$2)*1.3333333)+G$2 -> 2885 | H128: 127 | I128: =INT((H128-H$2)*1.3333333)+I$2 -> 4043
A129: 128 | B129: 128 | C129: =INT((B129-B$122)*1.3333333)+C$122 -> 571 | D129: 128 | E129: =INT((D129-D$2)*1.3333333)+E$2 -> 1729 | F129: 128 | G129: =INT((F129-F$2)*1.3333333)+G$2 -> 2887 | H129: 128 | I129: =INT((H129-H$2)*1.3333333)+I$2 -> 4045
A130: 129 | B130: 129 | C130: =INT((B130-B$122)*1.3333333)+C$122 -> 572 | D130: 129 | E130: =INT((D130-D$2)*1.3333333)+E$2 -> 1730 | F130: 129 | G130: =INT((F130-F$2)*1.3333333)+G$2 -> 2888 | H130: 129 | I130: =INT((H130-H$2)*1.3333333)+I$2 -> 4046
A131: 130 | B131: 130 | C131: =INT((B131-B$122)*1.3333333)+C$122 -> 573 | D131: 130 | E131: =INT((D131-D$2)*1.3333333)+E$2 -> 1731 | F131: 130 | G131: =INT((F131-F$2)*1.3333333)+G$2 -> 2889 | H131: 130 | I131: =INT((H131-H$2)*1.3333333)+I$2 -> 4047
A132: 131 | B132: 131 | C132: =INT((B132-B$122)*1.3333333)+C$122 -> 575 | D132: 131 | E132: =INT((D132-D$2)*1.3333333)+E$2 -> 1733 | F132: 131 | G132: =INT((F132-F$2)*1.3333333)+G$2 -> 2891 | H132: 131 | I132: =INT((H132-H$2)*1.3333333)+I$2 -> 4049
A133: 132 | B133: 132 | C133: =INT((B133-B$122)*1.3333333)+C$122 -> 576 | D133: 132 | E133: =INT((D133-D$2)*1.3333333)+E$2 -> 1734 | F133: 132 | G133: =INT((F133-F$2)*1.3333333)+G$2 -> 2892 | H133: 132 | I133: =INT((H133-H$2)*1.3333333)+I$2 -> 4050
A134: 133 | B134: 133 | C134: =INT((B134-B$122)*1.3333333)+C$122 -> 577 | D134: 133 | E134: =INT((D134-D$2)*1.3333333)+E$2 -> 1735 | F134: 133 | G134: =INT((F134-F$2)*1.3333333)+G$2 -> 2893 | H134: 133 | I134: =INT((H134-H$2)*1.3333333)+I$2 -> 4051
... A1565: 1564 | B1565: 1564 | C1565: =INT((B1565-B$122)*1.3333333)+C$122 -> 2485 | D1565: 1564 | E1565: =INT((D1565-D$2)*1.3333333)+E$2 -> 3643 | F1565: 1564 | G1565: =INT((F1565-F$2)*1.3333333)+G$2 -> 4801 | H1565: 1564 | I1565: =INT((H1565-H$2)*1.3333333)+I$2 -> 5959

Sheet 무릉전보스체력
A1: 스테이지 | B1: 1번값 | C1: 2번값 | D1: 3번값 | E1: 4번값 | F1: 5번값 | G1: 6번값 | H1: 7번값 | I1: 8번값 | J1: 9번값 | U1: 스테이지 | V1: 초월석(마리당) | W1: 안설(마리당) | X1: 강화석 (Per 5Stage) | Y1: 인봉 (Per 5Stage) | Z1: 다이아 (Per 5Stage) | AA1: 화련(Per 20Stage) | AC1: 무릉전스테이지 | AE1: 강화석지급량
A2: 1 | B2: 50000000 | C2: 1 | D2: 1 | E2: 1 | F2: 1 | G2: 1 | H2: 1 | I2: 1 | J2: 1 | K2: =J2*I2*H2*G2*F2*E2*D2*C2*B2 -> 50000000 | L2: =MATCH(K2, 보스체력!#REF!, 1) -> #REF! | O2: 스테이지 값 | P2: 1207 | R2: 강화석 | S2: 다이아 | U2: 1 | V2: 100 | W2: 1 | X2: 100 | Y2: 1 | Z2: 300 | AA2: 1 | AC2: 1 | AD2: =INT(AC2/5)+1 -> 1 | AE2: {=INDEX(X:X, AD2+1)*AC2} -> 100
A3: 2 | B3: 100000000 | C3: 1 | D3: 1 | E3: 1 | F3: 1 | G3: 1 | H3: 1 | I3: 1 | J3: 1 | K3: =J3*I3*H3*G3*F3*E3*D3*C3*B3 -> 100000000 | L3: =MATCH(K3, 보스체력!#REF!, 1) -> #REF! | O3: 무릉전 클리어 | P3: 265 | Q3: =P3-6 -> 259 | R3: {=INDEX(AE:AE, P3)} -> 1399200 | S3: =INDEX(U:U, MATCH(P2, L:L, 1)) -> #N/A | U3: 2 | V3: 150 | W3: 1 | X3: 200 | Y3: 2 | Z3: 600 | AA3: 2 | AC3: 2 | AD3: =INT(AC3/5)+1 -> 1 | AE3: {=INDEX(X:X, AD3+1)*AC3} -> 200
A4: 3 | B4: 200000000 | C4: 1 | D4: 1 | E4: 1 | F4: 1 | G4: 1 | H4: 1 | I4: 1 | J4: 1 | K4: =J4*I4*H4*G4*F4*E4*D4*C4*B4 -> 200000000 | L4: =MATCH(K4, 보스체력!#REF!, 1) -> #REF! | U4: 3 | V4: 300 | W4: 1 | X4: 300 | Y4: 3 | Z4: 900 | AA4: 3 | AC4: 3 | AD4: =INT(AC4/5)+1 -> 1 | AE4: {=INDEX(X:X, AD4+1)*AC4} -> 300
A5: 4 | B5: 500000000 | C5: 1 | D5: 1 | E5: 1 | F5: 1 | G5: 1 | H5: 1 | I5: 1 | J5: 1 | K5: =J5*I5*H5*G5*F5*E5*D5*C5*B5 -> 500000000 | L5: =MATCH(K5, 보스체력!#REF!, 1) -> #REF! | R5: {=INDIRECT("X" &214)} -> 0 | U5: 4 | V5: 540 | W5: 1 | X5: 400 | Y5: 4 | Z5: 1200 | AA5: 4 | AC5: 4 | AD5: =INT(AC5/5)+1 -> 1 | AE5: {=INDEX(X:X, AD5+1)*AC5} -> 400
A6: 5 | B6: 100000000 | C6: 10 | D6: 1 | E6: 1 | F6: 1 | G6: 1 | H6: 1 | I6: 1 | J6: 1 | K6: =J6*I6*H6*G6*F6*E6*D6*C6*B6 -> 1000000000 | L6: =MATCH(K6, 보스체력!#REF!, 1) -> #REF! | O6: 입장권 개수 | P6: 증강량 | Q6: 강화석 | R6: 최종 강화석 | U6: 5 | V6: 950 | W6: 1 | X6: 500 | Y6: 5 | Z6: 1500 | AA6: 5 | AC6: 5 | AD6: =INT(AC6/5)+1 -> 2 | AE6: {=INDEX(X:X, AD6+1)*AC6} -> 1000
A7: 6 | B7: 300000000 | C7: 10 | D7: 1 | E7: 1 | F7: 1 | G7: 1 | H7: 1 | I7: 1 | J7: 1 | K7: =J7*I7*H7*G7*F7*E7*D7*C7*B7 -> 3000000000 | L7: =MATCH(K7, 보스체력!#REF!, 1) -> #REF! | O7: 4 | Q7: =R3 -> 1399200 | R7: =Q7*P7*O7 -> 0 | U7: 6 | V7: 1460 | W7: 1 | X7: 600 | Y7: 6 | Z7: 1800 | AA7: 6 | AC7: 6 | AD7: =INT(AC7/5)+1 -> 2 | AE7: {=INDEX(X:X, AD7+1)*AC7} -> 1200
A8: 7 | B8: 500000000 | C8: 10 | D8: 1 | E8: 1 | F8: 1 | G8: 1 | H8: 1 | I8: 1 | J8: 1 | K8: =J8*I8*H8*G8*F8*E8*D8*C8*B8 -> 5000000000 | L8: =MATCH(K8, 보스체력!#REF!, 1) -> #REF! | U8: 7 | V8: 1970 | W8: 2 | X8: 700 | Y8: 7 | Z8: 2100 | AA8: 7 | AC8: 7 | AD8: =INT(AC8/5)+1 -> 2 | AE8: {=INDEX(X:X, AD8+1)*AC8} -> 1400
A9: 8 | B9: 700000000 | C9: 10 | D9: 1 | E9: 1 | F9: 1 | G9: 1 | H9: 1 | I9: 1 | J9: 1 | K9: =J9*I9*H9*G9*F9*E9*D9*C9*B9 -> 7000000000 | L9: =MATCH(K9, 보스체력!#REF!, 1) -> #REF! | U9: 8 | V9: 2480 | W9: 2 | X9: 800 | Y9: 8 | Z9: 2400 | AA9: 8 | AC9: 8 | AD9: =INT(AC9/5)+1 -> 2 | AE9: {=INDEX(X:X, AD9+1)*AC9} -> 1600
A10: 9 | B10: 100000000 | C10: 100 | D10: 1 | E10: 1 | F10: 1 | G10: 1 | H10: 1 | I10: 1 | J10: 1 | K10: =J10*I10*H10*G10*F10*E10*D10*C10*B10 -> 10000000000 | L10: =MATCH(K10, 보스체력!#REF!, 1) -> #REF! | U10: 9 | V10: 2990 | W10: 2 | X10: 900 | Y10: 9 | Z10: 2700 | AA10: 9 | AC10: 9 | AD10: =INT(AC10/5)+1 -> 2 | AE10: {=INDEX(X:X, AD10+1)*AC10} -> 1800
A11: 10 | B11: 500000000 | C11: 100 | D11: 1 | E11: 1 | F11: 1 | G11: 1 | H11: 1 | I11: 1 | J11: 1 | K11: =J11*I11*H11*G11*F11*E11*D11*C11*B11 -> 50000000000 | L11: =MATCH(K11, 보스체력!#REF!, 1) -> #REF! | O11: 일반 | P11: 고급 | Q11: 희귀 | R11: 영웅 | S11: 전설 | T11: 신화 | U11: 10 | V11: 4010 | W11: 2 | X11: 1000 | Y11: 10 | Z11: 3000 | AA11: 10 | AC11: 10 | AD11: =INT(AC11/5)+1 -> 3 | AE11: {=INDEX(X:X, AD11+1)*AC11} -> 3000
A12: 11 | B12: 800000000 | C12: 100 | D12: 1 | E12: 1 | F12: 1 | G12: 1 | H12: 1 | I12: 1 | J12: 1 | K12: =J12*I12*H12*G12*F12*E12*D12*C12*B12 -> 80000000000 | L12: =MATCH(K12, 보스체력!#REF!, 1) -> #REF! | M12: 표류자 | N12: 7 | O12: 1 | P12: 2 | Q12: 3 | R12: 4 | S12: 6 | T12: 10 | U12: 11 | V12: 5030 | W12: 2 | X12: 1100 | Y12: 11 | Z12: 3300 | AA12: 10 | AC12: 11 | AD12: =INT(AC12/5)+1 -> 3 | AE12: {=INDEX(X:X, AD12+1)*AC12} -> 3300
A13: 12 | B13: 100000000 | C13: 1000 | D13: 1 | E13: 1 | F13: 1 | G13: 1 | H13: 1 | I13: 1 | J13: 1 | K13: =J13*I13*H13*G13*F13*E13*D13*C13*B13 -> 100000000000 | L13: =MATCH(K13, 보스체력!#REF!, 1) -> #REF! | M13: 무사 | N13: 7 | O13: 2 | P13: 3 | Q13: 4 | R13: 5 | S13: 10 | T13: 18 | U13: 12 | V13: 6050 | W13: 2 | X13: 1200 | Y13: 12 | Z13: 3600 | AA13: 10 | AC13: 12 | AD13: =INT(AC13/5)+1 -> 3 | AE13: {=INDEX(X:X, AD13+1)*AC13} -> 3600
A14: 13 | B14: 500000000 | C14: 1000 | D14: 1 | E14: 1 | F14: 1 | G14: 1 | H14: 1 | I14: 1 | J14: 1 | K14: =J14*I14*H14*G14*F14*E14*D14*C14*B14 -> 500000000000 | L14: =MATCH(K14, 보스체력!#REF!, 1) -> #REF! | M14: 검객 | N14: 7 | O14: 3 | P14: 4 | Q14: 5 | R14: 7 | S14: 13 | T14: 21 | U14: 13 | V14: 7070 | W14: 3 | X14: 1300 | Y14: 13 | Z14: 3900 | AA14: 10 | AC14: 13 | AD14: =INT(AC14/5)+1 -> 3 | AE14: {=INDEX(X:X, AD14+1)*AC14} -> 3900
A15: 14 | B15: 800000000 | C15: 1000 | D15: 1 | E15: 1 | F15: 1 | G15: 1 | H15: 1 | I15: 1 | J15: 1 | K15: =J15*I15*H15*G15*F15*E15*D15*C15*B15 -> 800000000000 | L15: =MATCH(K15, 보스체력!#REF!, 1) -> #REF! | M15: 투사 | N15: 7 | O15: 4 | P15: 5 | Q15: 6 | R15: 8 | S15: 15 | T15: 25 | U15: 14 | V15: 8100 | W15: 3 | X15: 1400 | Y15: 14 | Z15: 4200 | AA15: 10 | AC15: 14 | AD15: =INT(AC15/5)+1 -> 3 | AE15: {=INDEX(X:X, AD15+1)*AC15} -> 4200
A16: 15 | B16: 100000000 | C16: 10000 | D16: 1 | E16: 1 | F16: 1 | G16: 1 | H16: 1 | I16: 1 | J16: 1 | K16: =J16*I16*H16*G16*F16*E16*D16*C16*B16 -> 1000000000000 | L16: =MATCH(K16, 보스체력!#REF!, 1) -> #REF! | M16: 검제 | N16: 7 | O16: 5 | P16: 6 | Q16: 7 | R16: 9 | S16: 18 | T16: 30 | U16: 15 | V16: 9120 | W16: 3 | X16: 1500 | Y16: 15 | Z16: 4500 | AA16: 10 | AC16: 15 | AD16: =INT(AC16/5)+1 -> 4 | AE16: {=INDEX(X:X, AD16+1)*AC16} -> 6000
A17: 16 | B17: 300000000 | C17: 10000 | D17: 1 | E17: 1 | F17: 1 | G17: 1 | H17: 1 | I17: 1 | J17: 1 | K17: =J17*I17*H17*G17*F17*E17*D17*C17*B17 -> 3000000000000 | L17: =MATCH(K17, 보스체력!#REF!, 1) -> #REF! | M17: 투신 | N17: 7 | O17: 6 | P17: 7 | Q17: 8 | R17: 10 | S17: 20 | T17: 33 | U17: 16 | V17: 10140 | W17: 3 | X17: 1600 | Y17: 16 | Z17: 4800 | AA17: 10 | AC17: 16 | AD17: =INT(AC17/5)+1 -> 4 | AE17: {=INDEX(X:X, AD17+1)*AC17} -> 6400
A18: 17 | B18: 500000000 | C18: 10000 | D18: 1 | E18: 1 | F18: 1 | G18: 1 | H18: 1 | I18: 1 | J18: 1 | K18: =J18*I18*H18*G18*F18*E18*D18*C18*B18 -> 5000000000000 | L18: =MATCH(K18, 보스체력!#REF!, 1) -> #REF! | M18: 패왕 | N18: 7 | O18: 6 | P18: 7 | Q18: 8 | R18: 10 | S18: 20 | T18: 33 | U18: 17 | V18: 11160 | W18: 3 | X18: 1700 | Y18: 17 | Z18: 5100 | AA18: 10 | AC18: 17 | AD18: =INT(AC18/5)+1 -> 4 | AE18: {=INDEX(X:X, AD18+1)*AC18} -> 6800
A19: 18 | B19: 700000000 | C19: 10000 | D19: 1 | E19: 1 | F19: 1 | G19: 1 | H19: 1 | I19: 1 | J19: 1 | K19: =J19*I19*H19*G19*F19*E19*D19*C19*B19 -> 7000000000000 | L19: =MATCH(K19, 보스체력!#REF!, 1) -> #REF! | M19: 검선 | N19: 7 | O19: 6 | P19: 7 | Q19: 8 | R19: 10 | S19: 20 | T19: 33 | U19: 18 | V19: 12180 | W19: 3 | X19: 1800 | Y19: 18 | Z19: 5400 | AA19: 10 | AC19: 18 | AD19: =INT(AC19/5)+1 -> 4 | AE19: {=INDEX(X:X, AD19+1)*AC19} -> 7200
A20: 19 | B20: 900000000 | C20: 10000 | D20: 1 | E20: 1 | F20: 1 | G20: 1 | H20: 1 | I20: 1 | J20: 1 | K20: =J20*I20*H20*G20*F20*E20*D20*C20*B20 -> 9000000000000 | L20: =MATCH(K20, 보스체력!#REF!, 1) -> #REF! | N20: 7 | O20: 6 | P20: 7 | Q20: 8 | R20: 10 | S20: 20 | T20: 33 | U20: 19 | V20: 13210 | W20: 4 | X20: 1900 | Y20: 19 | Z20: 5700 | AA20: 10 | AC20: 19 | AD20: =INT(AC20/5)+1 -> 4 | AE20: {=INDEX(X:X, AD20+1)*AC20} -> 7600
A21: 20 | B21: 100000000 | C21: 100000 | D21: 1 | E21: 1 | F21: 1 | G21: 1 | H21: 1 | I21: 1 | J21: 1 | K21: =J21*I21*H21*G21*F21*E21*D21*C21*B21 -> 10000000000000 | L21: =MATCH(K21, 보스체력!#REF!, 1) -> #REF! | O21: =SUM(O12:O20)*6 -> 234 | P21: =SUM(P12:P20)*6 -> 288 | Q21: =SUM(Q12:Q20)*6 -> 342 | R21: =SUM(R12:R20)*6 -> 438 | S21: =SUM(S12:S20)*6 -> 852 | T21: =SUM(T12:T20)*6 -> 1416 | U21: 20 | V21: 15060 | W21: 4 | X21: 2000 | Y21: 20 | Z21: 6000 | AA21: 10 | AC21: 20 | AD21: =INT(AC21/5)+1 -> 5 | AE21: {=INDEX(X:X, AD21+1)*AC21} -> 10000
A22: 21 | B22: 300000000 | C22: 100000 | D22: 1 | E22: 1 | F22: 1 | G22: 1 | H22: 1 | I22: 1 | J22: 1 | K22: =J22*I22*H22*G22*F22*E22*D22*C22*B22 -> 30000000000000 | L22: =MATCH(K22, 보스체력!#REF!, 1) -> #REF! | U22: 21 | V22: 16900 | W22: 4 | X22: 2100 | Y22: 20 | Z22: 6300 | AA22: 10 | AC22: 21 | AD22: =INT(AC22/5)+1 -> 5 | AE22: {=INDEX(X:X, AD22+1)*AC22} -> 10500
A23: 22 | B23: 500000000 | C23: 100000 | D23: 1 | E23: 1 | F23: 1 | G23: 1 | H23: 1 | I23: 1 | J23: 1 | K23: =J23*I23*H23*G23*F23*E23*D23*C23*B23 -> 50000000000000 | L23: =MATCH(K23, 보스체력!#REF!, 1) -> #REF! | U23: 22 | V23: 18700 | W23: 4 | X23: 2200 | Y23: 20 | Z23: 6600 | AA23: 10 | AC23: 22 | AD23: =INT(AC23/5)+1 -> 5 | AE23: {=INDEX(X:X, AD23+1)*AC23} -> 11000
A24: 23 | B24: 700000000 | C24: 100000 | D24: 1 | E24: 1 | F24: 1 | G24: 1 | H24: 1 | I24: 1 | J24: 1 | K24: =J24*I24*H24*G24*F24*E24*D24*C24*B24 -> 70000000000000 | L24: =MATCH(K24, 보스체력!#REF!, 1) -> #REF! | U24: 23 | V24: 20600 | W24: 4 | X24: 2300 | Y24: 20 | Z24: 6900 | AA24: 10 | AC24: 23 | AD24: =INT(AC24/5)+1 -> 5 | AE24: {=INDEX(X:X, AD24+1)*AC24} -> 11500
A25: 24 | B25: 900000000 | C25: 100000 | D25: 1 | E25: 1 | F25: 1 | G25: 1 | H25: 1 | I25: 1 | J25: 1 | K25: =J25*I25*H25*G25*F25*E25*D25*C25*B25 -> 90000000000000 | L25: =MATCH(K25, 보스체력!#REF!, 1) -> #REF! | U25: 24 | V25: 22470 | W25: 4 | X25: 2400 | Y25: 20 | Z25: 7200 | AA25: 10 | AC25: 24 | AD25: =INT(AC25/5)+1 -> 5 | AE25: {=INDEX(X:X, AD25+1)*AC25} -> 12000
A26: 25 | B26: 100000000 | C26: 1000000 | D26: 1 | E26: 1 | F26: 1 | G26: 1 | H26: 1 | I26: 1 | J26: 1 | K26: =J26*I26*H26*G26*F26*E26*D26*C26*B26 -> 100000000000000 | L26: =MATCH(K26, 보스체력!#REF!, 1) -> #REF! | U26: 25 | V26: 24300 | W26: 5 | X26: 2500 | Y26: 20 | Z26: 7500 | AA26: 10 | AC26: 25 | AD26: =INT(AC26/5)+1 -> 6 | AE26: {=INDEX(X:X, AD26+1)*AC26} -> 15000
A27: 26 | B27: 300000000 | C27: 1000000 | D27: 1 | E27: 1 | F27: 1 | G27: 1 | H27: 1 | I27: 1 | J27: 1 | K27: =J27*I27*H27*G27*F27*E27*D27*C27*B27 -> 300000000000000 | L27: =MATCH(K27, 보스체력!#REF!, 1) -> #REF! | U27: 26 | V27: 26170 | W27: 5 | X27: 2600 | Y27: 20 | Z27: 7800 | AA27: 10 | AC27: 26 | AD27: =INT(AC27/5)+1 -> 6 | AE27: {=INDEX(X:X, AD27+1)*AC27} -> 15600
A28: 27 | B28: 500000000 | C28: 1000000 | D28: 1 | E28: 1 | F28: 1 | G28: 1 | H28: 1 | I28: 1 | J28: 1 | K28: =J28*I28*H28*G28*F28*E28*D28*C28*B28 -> 500000000000000 | L28: =MATCH(K28, 보스체력!#REF!, 1) -> #REF! | U28: 27 | V28: 28000 | W28: 5 | X28: 2700 | Y28: 20 | Z28: 8100 | AA28: 10 | AC28: 27 | AD28: =INT(AC28/5)+1 -> 6 | AE28: {=INDEX(X:X, AD28+1)*AC28} -> 16200
A29: 28 | B29: 700000000 | C29: 1000000 | D29: 1 | E29: 1 | F29: 1 | G29: 1 | H29: 1 | I29: 1 | J29: 1 | K29: =J29*I29*H29*G29*F29*E29*D29*C29*B29 -> 700000000000000 | L29: =MATCH(K29, 보스체력!#REF!, 1) -> #REF! | U29: 28 | V29: 29800 | W29: 5 | X29: 2800 | Y29: 20 | Z29: 8400 | AA29: 10 | AC29: 28 | AD29: =INT(AC29/5)+1 -> 6 | AE29: {=INDEX(X:X, AD29+1)*AC29} -> 16800
A30: 29 | B30: 900000000 | C30: 1000000 | D30: 1 | E30: 1 | F30: 1 | G30: 1 | H30: 1 | I30: 1 | J30: 1 | K30: =J30*I30*H30*G30*F30*E30*D30*C30*B30 -> 900000000000000 | L30: =MATCH(K30, 보스체력!#REF!, 1) -> #REF! | U30: 29 | V30: 31730 | W30: 5 | X30: 2900 | Y30: 20 | Z30: 8700 | AA30: 10 | AC30: 29 | AD30: =INT(AC30/5)+1 -> 6 | AE30: {=INDEX(X:X, AD30+1)*AC30} -> 17400
A31: 30 | B31: 100000000 | C31: 10000000 | D31: 1 | E31: 1 | F31: 1 | G31: 1 | H31: 1 | I31: 1 | J31: 1 | K31: =J31*I31*H31*G31*F31*E31*D31*C31*B31 -> 1e+15 | L31: =MATCH(K31, 보스체력!#REF!, 1) -> #REF! | U31: 30 | V31: 34000 | W31: 5 | X31: 3000 | Y31: 20 | Z31: 9000 | AA31: 10 | AC31: 30 | AD31: =INT(AC31/5)+1 -> 7 | AE31: {=INDEX(X:X, AD31+1)*AC31} -> 21000
A32: 31 | B32: 300000000 | C32: 10000000 | D32: 1 | E32: 1 | F32: 1 | G32: 1 | H32: 1 | I32: 1 | J32: 1 | K32: =J32*I32*H32*G32*F32*E32*D32*C32*B32 -> 3e+15 | L32: =MATCH(K32, 보스체력!#REF!, 1) -> #REF! | U32: 31 | V32: 36400 | W32: 6 | X32: 3100 | Y32: 20 | Z32: 9300 | AA32: 10 | AC32: 31 | AD32: =INT(AC32/5)+1 -> 7 | AE32: {=INDEX(X:X, AD32+1)*AC32} -> 21700
A33: 32 | B33: 500000000 | C33: 10000000 | D33: 1 | E33: 1 | F33: 1 | G33: 1 | H33: 1 | I33: 1 | J33: 1 | K33: =J33*I33*H33*G33*F33*E33*D33*C33*B33 -> 5e+15 | L33: =MATCH(K33, 보스체력!#REF!, 1) -> #REF! | U33: 32 | V33: 39000 | W33: 6 | X33: 3200 | Y33: 20 | Z33: 9600 | AA33: 10 | AC33: 32 | AD33: =INT(AC33/5)+1 -> 7 | AE33: {=INDEX(X:X, AD33+1)*AC33} -> 22400
... A201: 200 | B201: 955000000 | C201: 100000000 | D201: 100000000 | E201: 100000000 | F201: 100000000 | G201: 100 | H201: 1 | I201: 1 | J201: 1 | K201: =J201*I201*H201*G201*F201*E201*D201*C201*B201 -> 9.55e+42 | L201: =MATCH(K201, 보스체력!#REF!, 1) -> #REF! | U201: 200 | V201: 435000 | W201: 10 | X201: 20000 | Y201: 20 | Z201: 15000 | AA201: 10 | AC201: 200 | AD201: =INT(AC201/5)+1 -> 41 | AE201: {=INDEX(X:X, AD201+1)*AC201} -> 820000
A202: 201 | B202: 145000000 | C202: 100000000 | D202: 100000000 | E202: 100000000 | F202: 100000000 | G202: 1000 | H202: 1 | I202: 1 | J202: 1 | K202: =J202*I202*H202*G202*F202*E202*D202*C202*B202 -> 1.45e+43 | L202: =MATCH(K202, 보스체력!#REF!, 1) -> #REF! | AC202: 201 | AD202: =INT(AC202/5)+1 -> 41 | AE202: {=INDEX(X:X, AD202+1)*AC202} -> 824100
A203: 202 | B203: 235000000 | C203: 100000000 | D203: 100000000 | E203: 100000000 | F203: 100000000 | G203: 1000 | H203: 1 | I203: 1 | J203: 1 | K203: =J203*I203*H203*G203*F203*E203*D203*C203*B203 -> 2.35e+43 | L203: =MATCH(K203, 보스체력!#REF!, 1) -> #REF! | AC203: 202 | AD203: =INT(AC203/5)+1 -> 41 | AE203: {=INDEX(X:X, AD203+1)*AC203} -> 828200
A204: 203 | B204: 325000000 | C204: 100000000 | D204: 100000000 | E204: 100000000 | F204: 100000000 | G204: 1000 | H204: 1 | I204: 1 | J204: 1 | K204: =J204*I204*H204*G204*F204*E204*D204*C204*B204 -> 3.25e+43 | L204: =MATCH(K204, 보스체력!#REF!, 1) -> #REF! | AC204: 203 | AD204: =INT(AC204/5)+1 -> 41 | AE204: {=INDEX(X:X, AD204+1)*AC204} -> 832300
A205: 204 | B205: 415000000 | C205: 100000000 | D205: 100000000 | E205: 100000000 | F205: 100000000 | G205: 1000 | H205: 1 | I205: 1 | J205: 1 | K205: =J205*I205*H205*G205*F205*E205*D205*C205*B205 -> 4.15e+43 | L205: =MATCH(K205, 보스체력!#REF!, 1) -> #REF! | AC205: 204 | AD205: =INT(AC205/5)+1 -> 41 | AE205: {=INDEX(X:X, AD205+1)*AC205} -> 836400
A206: 205 | B206: 505000000 | C206: 100000000 | D206: 100000000 | E206: 100000000 | F206: 100000000 | G206: 1000 | H206: 1 | I206: 1 | J206: 1 | K206: =J206*I206*H206*G206*F206*E206*D206*C206*B206 -> 5.05e+43 | L206: =MATCH(K206, 보스체력!#REF!, 1) -> #REF! | AC206: 205 | AD206: =INT(AC206/5)+1 -> 42 | AE206: {=INDEX(X:X, AD206+1)*AC206} -> 861000
A207: 206 | B207: 595000000 | C207: 100000000 | D207: 100000000 | E207: 100000000 | F207: 100000000 | G207: 1000 | H207: 1 | I207: 1 | J207: 1 | K207: =J207*I207*H207*G207*F207*E207*D207*C207*B207 -> 5.95e+43 | L207: =MATCH(K207, 보스체력!#REF!, 1) -> #REF! | AC207: 206 | AD207: =INT(AC207/5)+1 -> 42 | AE207: {=INDEX(X:X, AD207+1)*AC207} -> 865200
A208: 207 | B208: 685000000 | C208: 100000000 | D208: 100000000 | E208: 100000000 | F208: 100000000 | G208: 1000 | H208: 1 | I208: 1 | J208: 1 | K208: =J208*I208*H208*G208*F208*E208*D208*C208*B208 -> 6.85e+43 | L208: =MATCH(K208, 보스체력!#REF!, 1) -> #REF! | AC208: 207 | AD208: =INT(AC208/5)+1 -> 42 | AE208: {=INDEX(X:X, AD208+1)*AC208} -> 869400
A209: 208 | B209: 775000000 | C209: 100000000 | D209: 100000000 | E209: 100000000 | F209: 100000000 | G209: 1000 | H209: 1 | I209: 1 | J209: 1 | K209: =J209*I209*H209*G209*F209*E209*D209*C209*B209 -> 7.75e+43 | L209: =MATCH(K209, 보스체력!#REF!, 1) -> #REF! | AC209: 208 | AD209: =INT(AC209/5)+1 -> 42 | AE209: {=INDEX(X:X, AD209+1)*AC209} -> 873600
A210: 209 | B210: 865000000 | C210: 100000000 | D210: 100000000 | E210: 100000000 | F210: 100000000 | G210: 1000 | H210: 1 | I210: 1 | J210: 1 | K210: =J210*I210*H210*G210*F210*E210*D210*C210*B210 -> 8.65e+43 | L210: =MATCH(K210, 보스체력!#REF!, 1) -> #REF! | AC210: 209 | AD210: =INT(AC210/5)+1 -> 42 | AE210: {=INDEX(X:X, AD210+1)*AC210} -> 877800
A211: 210 | B211: 955000000 | C211: 100000000 | D211: 100000000 | E211: 100000000 | F211: 100000000 | G211: 1000 | H211: 1 | I211: 1 | J211: 1 | K211: =J211*I211*H211*G211*F211*E211*D211*C211*B211 -> 9.55e+43 | L211: =MATCH(K211, 보스체력!#REF!, 1) -> #REF! | AC211: 210 | AD211: =INT(AC211/5)+1 -> 43 | AE211: {=INDEX(X:X, AD211+1)*AC211} -> 903000
A212: 211 | B212: 145000000 | C212: 100000000 | D212: 100000000 | E212: 100000000 | F212: 100000000 | G212: 10000 | H212: 1 | I212: 1 | J212: 1 | K212: =J212*I212*H212*G212*F212*E212*D212*C212*B212 -> 1.45e+44 | L212: =MATCH(K212, 보스체력!#REF!, 1) -> #REF! | AC212: 211 | AD212: =INT(AC212/5)+1 -> 43 | AE212: {=INDEX(X:X, AD212+1)*AC212} -> 907300
A213: 212 | B213: 235000000 | C213: 100000000 | D213: 100000000 | E213: 100000000 | F213: 100000000 | G213: 10000 | H213: 1 | I213: 1 | J213: 1 | K213: =J213*I213*H213*G213*F213*E213*D213*C213*B213 -> 2.35e+44 | L213: =MATCH(K213, 보스체력!#REF!, 1) -> #REF! | AC213: 212 | AD213: =INT(AC213/5)+1 -> 43 | AE213: {=INDEX(X:X, AD213+1)*AC213} -> 911600
... A376: 375 | B376: 505000000 | C376: 100000000 | D376: 100000000 | E376: 100000000 | F376: 100000000 | G376: 100000000 | H376: 100000000 | I376: 10000 | J376: 1 | K376: =J376*I376*H376*G376*F376*E376*D376*C376*B376 -> 5.05e+60 | L376: =MATCH(K376, 보스체력!#REF!, 1) -> #REF! | AC376: 375 | AD376: =INT(AC376/5)+1 -> 76 | AE376: {=INDEX(X:X, AD376+1)*AC376} -> 2850000
AC377: 376 | AD377: =INT(AC377/5)+1 -> 76 | AE377: {=INDEX(X:X, AD377+1)*AC377} -> 2857600
AC378: 377 | AD378: =INT(AC378/5)+1 -> 76 | AE378: {=INDEX(X:X, AD378+1)*AC378} -> 2865200
AC379: 378 | AD379: =INT(AC379/5)+1 -> 76 | AE379: {=INDEX(X:X, AD379+1)*AC379} -> 2872800
AC380: 379 | AD380: =INT(AC380/5)+1 -> 76 | AE380: {=INDEX(X:X, AD380+1)*AC380} -> 2880400
AC381: 380 | AD381: =INT(AC381/5)+1 -> 77 | AE381: {=INDEX(X:X, AD381+1)*AC381} -> 2926000
AC382: 381 | AD382: =INT(AC382/5)+1 -> 77 | AE382: {=INDEX(X:X, AD382+1)*AC382} -> 2933700
AC383: 382 | AD383: =INT(AC383/5)+1 -> 77 | AE383: {=INDEX(X:X, AD383+1)*AC383} -> 2941400
AC384: 383 | AD384: =INT(AC384/5)+1 -> 77 | AE384: {=INDEX(X:X, AD384+1)*AC384} -> 2949100
AC385: 384 | AD385: =INT(AC385/5)+1 -> 77 | AE385: {=INDEX(X:X, AD385+1)*AC385} -> 2956800
AC386: 385 | AD386: =INT(AC386/5)+1 -> 78 | AE386: {=INDEX(X:X, AD386+1)*AC386} -> 3003000
AC387: 386 | AD387: =INT(AC387/5)+1 -> 78 | AE387: {=INDEX(X:X, AD387+1)*AC387} -> 3010800
AC388: 387 | AD388: =INT(AC388/5)+1 -> 78 | AE388: {=INDEX(X:X, AD388+1)*AC388} -> 3018600
... AC1664: 1663 | AD1664: =INT(AC1664/5)+1 -> 333 | AE1664: {=INDEX(X:X, AD1664+1)*AC1664} -> 0

Sheet 보스데미지
A1: 스테이지 | B1: 1번값 | C1: 2번값 | D1: 3번값 | E1: 4번값 | F1: 5번값 | G1: 6번값 | H1: 7번값 | I1: 8번값 | J1: 9번값
A2: 1 | B2: 1 | C2: 1 | D2: 1 | E2: 1 | F2: 1 | G2: 1 | H2: 1 | I2: 1 | J2: 1
A3: 2 | B3: 2 | C3: 1 | D3: 1 | E3: 1 | F3: 1 | G3: 1 | H3: 1 | I3: 1 | J3: 1
A4: 3 | B4: 3 | C4: 1 | D4: 1 | E4: 1 | F4: 1 | G4: 1 | H4: 1 | I4: 1 | J4: 1
A5: 4 | B5: 4 | C5: 1 | D5: 1 | E5: 1 | F5: 1 | G5: 1 | H5: 1 | I5: 1 | J5: 1
A6: 5 | B6: 8 | C6: 1 | D6: 1 | E6: 1 | F6: 1 | G6: 1 | H6: 1 | I6: 1 | J6: 1
A7: 6 | B7: 11 | C7: 1 | D7: 1 | E7: 1 | F7: 1 | G7: 1 | H7: 1 | I7: 1 | J7: 1
A8: 7 | B8: 13 | C8: 1 | D8: 1 | E8: 1 | F8: 1 | G8: 1 | H8: 1 | I8: 1 | J8: 1
A9: 8 | B9: 15 | C9: 1 | D9: 1 | E9: 1 | F9: 1 | G9: 1 | H9: 1 | I9: 1 | J9: 1
A10: 9 | B10: 17 | C10: 1 | D10: 1 | E10: 1 | F10: 1 | G10: 1 | H10: 1 | I10: 1 | J10: 1
A11: 10 | B11: 19 | C11: 1 | D11: 1 | E11: 1 | F11: 1 | G11: 1 | H11: 1 | I11: 1 | J11: 1
A12: 11 | B12: 21 | C12: 1 | D12: 1 | E12: 1 | F12: 1 | G12: 1 | H12: 1 | I12: 1 | J12: 1
A13: 12 | B13: 23 | C13: 1 | D13: 1 | E13: 1 | F13: 1 | G13: 1 | H13: 1 | I13: 1 | J13: 1
... A1501: 1500 | B1501: 606205622 | C1501: 100000000 | D1501: 100000000 | E1501: 100000000 | F1501: 100000000 | G1501: 100000000 | H1501: 100000000 | I1501: 100000000 | J1501: 100000000

Sheet 능력치
H2: 정수 | J2: 강화횟수 | K2: 공격력 | L2: 근력 | M2: 생명력 | N2: 체력 | O2: 누적금화 | AA2: ID | AB2: 나무이름 | AC2: 승급시 상승능력치 | AD2: 승급시 소모비용1 | AE2: 승급시 소모비용2
I3: 3 | J3: 19800 | K3: {=INDIRECT("'[상승값.xlsx]상승'!B" & (J3+1))} -> #REF! | L3: {=INDIRECT("'[상승값.xlsx]상승'!C" & (J3+1))} -> #REF! | M3: {=INDIRECT("'[상승값.xlsx]상승'!B" & (J3+1))} -> #REF! | N3: {=INDIRECT("'[상승값.xlsx]상승'!C" & (J3+1))} -> #REF! | O3: {=INDIRECT("'[상승값.xlsx]상승'!E" & (J3+1))} -> #REF! | AA3: 0 | AB3: 0 | AC3: 0 | AD3: 0 | AE3: 0 | AF3: 0 | AI3: ID | AJ3: 나무이름 | AK3: 성장최대치 | AL3: 퍼센트 증가량 | AM3: 가격 증가량 | AN3: 승급시 상승능력치 | AO3: 승급시 소모비용1 | AP3: 승급시 소모비용2
F4: "'[상승값.xlsx]상승'! | I4: 스킬강횟수 | J4: {=MATCH(TRUE, INDEX(INT(스킬!B1:B130/J3)<>0, 0), 0)} -> 126 | AA4: 1 | AB4: 씨앗 | AC4: 150 | AD4: 500 | AE4: =AE3+AD4 -> 500 | AF4: 50 | AI4: 1 | AJ4: 씨앗 | AK4: 50 | AL4: 1 | AM4: 1 | AN4: 150 | AO4: 500 | AP4: 5
H5: 스킬 | J5: 0 | K5: 1 | L5: 2 | M5: 3 | N5: 4 | O5: 누적금화 | AA5: 2 | AB5: 뿌리 | AC5: 150 | AD5: 1000 | AE5: =AE4+AD5 -> 1500 | AF5: 150 | AI5: 2 | AJ5: 뿌리 | AK5: 150 | AL5: 1 | AM5: 2 | AN5: 150 | AO5: 1000 | AP5: 10
J6: =VLOOKUP(J5, INDIRECT("스킬!H" & ($J4-5) & ":L" & ($J4-1)), 3, FALSE) -> 14400 | K6: =VLOOKUP(K5, INDIRECT("스킬!H" & ($J4-5) & ":L" & ($J4-1)), 3, FALSE) -> 12000 | L6: =VLOOKUP(L5, INDIRECT("스킬!H" & ($J4-5) & ":L" & ($J4-1)), 3, FALSE) -> 10800 | M6: =VLOOKUP(M5, INDIRECT("스킬!H" & ($J4-5) & ":L" & ($J4-1)), 3, FALSE) -> 9600 | N6: =VLOOKUP(N5, INDIRECT("스킬!H" & ($J4-5) & ":L" & ($J4-1)), 3, FALSE) -> 600 | O6: =VLOOKUP(J4-1, 스킬!A$2:L$126, 12, FALSE) -> 21621336961 | AA6: 3 | AB6: 새싹 | AC6: 250 | AD6: 1500 | AE6: =AE5+AD6 -> 3000 | AF6: 250 | AI6: 3 | AJ6: 새싹 | AK6: 250 | AL6: 2 | AM6: 3 | AN6: 250 | AO6: 1500 | AP6: 15
H7: 초월 | J7: 강화횟수 | K7: 공격력 | L7: 생명력 | O7: 누적 초월석 | AA7: 4 | AB7: 잎새 | AC7: 250 | AD7: 2000 | AE7: =AE6+AD7 -> 5000 | AF7: 350 | AI7: 4 | AJ7: 잎새 | AK7: 350 | AL7: 2 | AM7: 4 | AN7: 250 | AO7: 2000 | AP7: 20
I8: 7 | J8: 479 | K8: {=INDIRECT("'[상승값.xlsx]상승'!G" & (J8+1))} -> #REF! | L8: {=INDIRECT("'[상승값.xlsx]상승'!G" & (J8+1))} -> #REF! | O8: {=INDIRECT("'[상승값.xlsx]상승'!I" & (J8+1))} -> #REF! | AA8: 5 | AB8: 가지 | AC8: 400 | AD8: 2500 | AE8: =AE7+AD8 -> 7500 | AF8: 450 | AI8: 5 | AJ8: 가지 | AK8: 450 | AL8: 3 | AM8: 5 | AN8: 400 | AO8: 2500 | AP8: 25
AA9: 6 | AB9: 묘목 | AC9: 400 | AD9: 3000 | AE9: =AE8+AD9 -> 10500 | AF9: 550 | AI9: 6 | AJ9: 묘목 | AK9: 550 | AL9: 3 | AM9: 6 | AN9: 400 | AO9: 3000 | AP9: 30
AA10: 7 | AB10: 견목 | AC10: 600 | AD10: 3500 | AE10: =AE9+AD10 -> 14000 | AF10: 650 | AI10: 7 | AJ10: 견목 | AK10: 650 | AL10: 4 | AM10: 7 | AN10: 600 | AO10: 3500 | AP10: 35
H11: 룬 | J11: 강화 레벨 | K11: 공격력 | L11: 생명 | M11: 금화 | N11: 근력 | O11: 체력 | P11: 강화 | Q11: 경험 | R11: 누적룬 | AA11: 8 | AB11: 성목 | AC11: 600 | AD11: 4000 | AE11: =AE10+AD11 -> 18000 | AF11: 750 | AI11: 8 | AJ11: 성목 | AK11: 750 | AL11: 4 | AM11: 8 | AN11: 600 | AO11: 4000 | AP11: 40
I12: 11 | J12: 61 | K12: {=INDIRECT("'[상승값.xlsx]상승'!I" & (J12+1))} -> #REF! | L12: {=INDIRECT("'[상승값.xlsx]상승'!I" & (J12+1))} -> #REF! | M12: {=INDIRECT("'[상승값.xlsx]상승'!k" & (J12+1))} -> #REF! | N12: {=INDIRECT("'[상승값.xlsx]상승'!J" & (J12+1))} -> #REF! | O12: {=INDIRECT("'[상승값.xlsx]상승'!J" & (J12+1))} -> #REF! | P12: {=INDIRECT("'[상승값.xlsx]상승'!k" & (J12+1))} -> #REF! | Q12: {=INDIRECT("'[상승값.xlsx]상승'!k" & (J12+1))} -> #REF! | R12: {=INDIRECT("'[상승값.xlsx]상승'!M" & (J12*7+1))} -> #REF! | AA12: 9 | AB12: 거목 | AC12: 900 | AD12: 4500 | AE12: =AE11+AD12 -> 22500 | AF12: 850 | AI12: 9 | AJ12: 거목 | AK12: 850 | AL12: 5 | AM12: 9 | AN12: 900 | AO12: 4500 | AP12: 45
AA13: 10 | AB13: 신목 | AC13: 900 | AD13: 5000 | AE13: =AE12+AD13 -> 27500 | AF13: 950 | AI13: 10 | AJ13: 신목 | AK13: 950 | AL13: 5 | AM13: 10 | AN13: 900 | AO13: 5000 | AP13: 50
A14: I | H14: 나무 | J14: 등급 | K14: 강화횟수 | L14: 공격력 | M14: 생명력 | N14: 몬 피해량 | O14: 보 피해량 | R14: 누적 소모 | S14: 승급 누적 | T14: 총 소모 | AA14: 11 | AB14: 영목 | AC14: 1350 | AD14: 5500 | AE14: =AE13+AD14 -> 33000 | AF14: 1050 | AI14: 11 | AJ14: 영목 | AK14: 1050 | AL14: 6 | AM14: 11 | AN14: 1350 | AO14: 5500 | AP14: 55
I15: 14 | J15: 6 | K15: =VLOOKUP(J15-1,AA3:AF26, 6, FALSE) -> 450 | L15: {=INDIRECT("'[상승값.xlsx]상승'!N" & (K15+2))} -> #REF! | M15: {=INDIRECT("'[상승값.xlsx]상승'!N" & (K15+2))} -> #REF! | N15: {=INDIRECT("'[상승값.xlsx]상승'!N" & (K15+2))} -> #REF! | O15: {=INDIRECT("'[상승값.xlsx]상승'!N" & (K15+2))} -> #REF! | R15: {=4*INDIRECT("'[상승값.xlsx]상승'!O" & (K15+1))} -> #REF! | S15: =VLOOKUP(J15,AA3:AE23, 5, FALSE) -> 10500 | T15: =S15+R15 -> #REF! | AA15: 12 | AB15: 천목 | AC15: 1350 | AD15: 6000 | AE15: =AE14+AD15 -> 39000 | AF15: 1150 | AI15: 12 | AJ15: 천목 | AK15: 1150 | AL15: 6 | AM15: 12 | AN15: 1350 | AO15: 6000 | AP15: 60
AA16: 13 | AB16: 태초목 | AC16: 2000 | AD16: 6500 | AE16: =AE15+AD16 -> 45500 | AF16: 1250 | AI16: 13 | AJ16: 태초목 | AK16: 1250 | AL16: 7 | AM16: 13 | AN16: 2000 | AO16: 6500 | AP16: 65
G17: 능력치로 | H17: 나무 승급 | K17: 나무 이름 | L17: 승급 공격 | M17: 승급생명 | AA17: 14 | AB17: 창조목 | AC17: 2000 | AD17: 7000 | AE17: =AE16+AD17 -> 52500 | AF17: 1350 | AI17: 14 | AJ17: 창조목 | AK17: 1350 | AL17: 7 | AM17: 14 | AN17: 2000 | AO17: 7000 | AP17: 70
K18: =VLOOKUP(J15,AA4:AE24, 2, FALSE) -> 묘목 | L18: =VLOOKUP(J15,AA3:AE23, 3, FALSE) -> 400 | M18: =VLOOKUP(J15-1,AA3:AE23, 3, FALSE) -> 400 | AA18: 15 | AB18: 수호목 | AC18: 3000 | AD18: 7500 | AE18: =AE17+AD18 -> 60000 | AF18: 1450 | AI18: 15 | AJ18: 수호목 | AK18: 1450 | AL18: 8 | AM18: 15 | AN18: 3000 | AO18: 7500 | AP18: 75
AA19: 16 | AB19: 세계목 | AC19: 3000 | AD19: 8000 | AE19: =AE18+AD19 -> 68000 | AF19: 1550 | AI19: 16 | AJ19: 세계목 | AK19: 1550 | AL19: 8 | AM19: 16 | AN19: 3000 | AO19: 8000 | AP19: 80
H20: 무기 | J20: 최고 무기 | K20: 강화횟수 | L20: 무기장착 | M20: 보유공격 | N20: 보유근력 | AA20: 17 | AB20: 세계수 | AC20: 4500 | AD20: 8500 | AE20: =AE19+AD20 -> 76500 | AF20: 1650 | AI20: 17 | AJ20: 세계수 | AK20: 1650 | AL20: 9 | AM20: 17 | AN20: 4500 | AO20: 8500 | AP20: 85
G21: 능력치로 | J21: 전설3 | K21: 200 | L21: =VLOOKUP(J21, J59:T83, 9, FALSE) -> 9400 | M21: =S84 -> 23705 | N21: =T84 -> 23705 | AA21: 18 | AB21: 신화수 | AC21: 4500 | AD21: 9000 | AE21: =AE20+AD21 -> 85500 | AI21: 18 | AJ21: 신화수 | AK21: 1750 | AL21: 9 | AM21: 18 | AN21: 4500 | AO21: 9000 | AP21: 90
J22: =VLOOKUP(J21, J59:T83, 2, FALSE) -> 19 | AA22: 19 | AB22: 무한수 | AC22: 7000 | AD22: 9500 | AE22: =AE21+AD22 -> 95000 | AF22: 1850 | AI22: 19 | AJ22: 무한수 | AK22: 1850 | AL22: 10 | AM22: 19 | AN22: 7000 | AO22: 9500 | AP22: 95
AA23: 20 | AB23: 영겁수 | AC23: 7000 | AD23: 10000 | AE23: =AE22+AD23 -> 105000 | AF23: 1950 | AI23: 20 | AJ23: 영겁수 | AK23: 1950 | AL23: 10 | AM23: 20 | AN23: 7000 | AO23: 10000 | AP23: 100
H24: 위인 | K24: 일반 | N24: 고려 | Q24: 조선 | T24: 근대 | AA24: 21 | AB24: - | AC24: 0 | AD24: 50000 | AE24: =AE23+AD24 -> 155000 | AF24: 0 | AI24: 21 | AJ24: - | AK24: 0 | AL24: 0 | AM24: 0 | AN24: 0 | AO24: 50000 | AP24: 50000
I25: 24 | J25: 공격력 | K25: =O92 -> 1300 | M25: 공격력 | N25: =O97 -> 350 | P25: 공격력 | Q25: =O103 -> 160 | S25: 공격력 | T25: =O109 -> 2100
J26: 생명 | K26: =O93 -> 1600 | M26: 생명 | N26: =O98 -> 140 | P26: 생명 | Q26: =O104 -> 160 | S26: 생명 | T26: =O110 -> 2100
J27: 치명 | K27: =O94 -> 13 | M27: 치명 | N27: =O100 -> 20 | P27: 치명 | Q27: =O106 -> 35
H29: 유물 | K29: 고려 | M29: =VLOOKUP(K30, I129:R139, 9, FALSE) -> 200 | O29: 조선 | S29: 근대
J30: 공격 | K30: 7강 | L30: =K140 -> 270 | M30: =VLOOKUP(K30, I129:R139, 9, FALSE) -> 200 | N30: 공격 | O30: 7강 | P30: =M140 -> 270 | Q30: =VLOOKUP(O30, I129:R139, 9, FALSE) -> 200 | R30: 공격 | S30: 0강 | T30: =O140 -> 0 | U30: =VLOOKUP(S30, I129:R139, 9, FALSE) -> 1
J31: 생명령 | K31: 7강 | L31: =L140 -> 270 | M31: =VLOOKUP(K31, I129:R139, 9, FALSE) -> 200 | N31: 생명령 | O31: 7강 | P31: =N140 -> 270 | Q31: =VLOOKUP(O31, I129:R139, 9, FALSE) -> 200 | R31: 생명령 | S31: 0강 | T31: =P140 -> 0 | U31: =VLOOKUP(S31, I129:R139, 9, FALSE) -> 1
K32: 총 공격력 | L32: =L30*M30 -> 54000 | O32: 총 공격력 | P32: =P30*Q30 -> 54000 | S32: 총 공격력 | T32: =T30*U30 -> 0
K34: =VLOOKUP(K30, I129:R139, 10, FALSE) -> 7 | N34: =VLOOKUP(O30, I129:R139, 10, FALSE) -> 7 | Q34: =VLOOKUP(S30, I129:R139, 10, FALSE) -> 0
K35: =VLOOKUP(K31, I129:R139, 10, FALSE) -> 7 | N35: =VLOOKUP(O31, I129:R139, 10, FALSE) -> 7 | Q35: =VLOOKUP(S31, I129:R139, 10, FALSE) -> 0
H36: 연구 | J36: 선택 | K36: 공격력 | L36: 생명력 | M36: 보유공증 | N36: 보유근증 | O36: 보유생증 | P36: 보유방증 | Z36: 중세
J37: 고+중 | K37: =HLOOKUP(J37, K150:M159, 2, FALSE) -> 1000 | L37: =HLOOKUP(J37, K150:M159, 3, FALSE) -> 1000 | M37: =HLOOKUP(J37, K150:M159, 5, FALSE) -> 660 | N37: =HLOOKUP(J37, K150:M159, 6, FALSE) -> 360 | O37: =HLOOKUP(J37, K150:M159, 7, FALSE) -> 660 | P37: =HLOOKUP(J37, K150:M159, 8, FALSE) -> 360 | Z37: 중세+고대
I40: 135 | J40: k | K40: l | L40: m | M40: n | N40: o | O40: p
G41: 돌아가기 | H41: 어빌 | J41: 선택 | K41: 능력치 | L41: 총 어빌 | M41: =N46*N50 -> 71236800 | Q41: 1 | R41: 2 | S41: 3 | T41: 4 | U41: 5 | V41: 6 | W41: 7 | X41: 8 | Y41: 9
H42: 1 | I42: 표류자 | J42: 신화 | K42: =VLOOKUP(J42, 능력치!P$42:Y$47, 2, FALSE) -> 150 | L42: 6 | M42: =L42*K42 -> 900 | P42: 일반 | Q42: 8 | R42: 20 | S42: 30 | T42: 40 | U42: 60 | V42: 10 | W42: 14 | X42: 20 | Y42: 30
H43: 2 | I43: 무사 | J43: 일반 | K43: =VLOOKUP(J43, 능력치!P$42:Y$47, H43+1, FALSE) -> 20 | L43: 6 | M43: =L43*K43 -> 120 | P43: 고급 | Q43: 16 | R43: 30 | S43: 40 | T43: 60 | U43: 100 | V43: 14 | W43: 20 | X43: 30 | Y43: 40
H44: 3 | I44: 검객 | J44: 신화 | K44: =VLOOKUP(J44, 능력치!P$42:Y$47, H44+1, FALSE) -> 370 | L44: 6 | M44: =L44*K44 -> 2220 | P44: 희귀 | Q44: 24 | R44: 40 | S44: 60 | T44: 80 | U44: 140 | V44: 20 | W44: 30 | X44: 40 | Y44: 50
H45: 4 | I45: 투사 | J45: 신화 | K45: =VLOOKUP(J45, 능력치!P$42:Y$47, H45+1, FALSE) -> 570 | L45: 6 | M45: =L45*K45 -> 3420 | P45: 영웅 | Q45: 40 | R45: 70 | S45: 100 | T45: 160 | U45: 220 | V45: 30 | W45: 40 | X45: 50 | Y45: 70
H46: 5 | I46: 검제 | J46: 신화 | K46: =VLOOKUP(J46, 능력치!P$42:Y$47, H46+1, FALSE) -> 930 | L46: 6 | M46: =L46*K46 -> 5580 | N46: =M42+M43+M44+M45+M46 -> 12240 | P46: 전설 | Q46: 70 | R46: 120 | S46: 180 | T46: 280 | U46: 460 | V46: 60 | W46: 90 | X46: 120 | Y46: 150
H47: 6 | I47: 투신 | J47: 신화 | K47: =VLOOKUP(J47, 능력치!P$42:Y$47, H47+1, FALSE) -> 130 | L47: 6 | M47: =L47*K47 -> 780 | P47: 신화 | Q47: 150 | R47: 250 | S47: 370 | T47: 570 | U47: 930 | V47: 130 | W47: 190 | X47: 250 | Y47: 400 | AA47: 5 | AB47: 6 | AC47: 7 | AD47: 8 | AE47: 9
H48: 7 | I48: 패왕 | J48: 신화 | K48: =VLOOKUP(J48, 능력치!P$42:Y$47, H48+1, FALSE) -> 190 | L48: 6 | M48: =L48*K48 -> 1140 | AA48: 60 | AB48: 10 | AC48: 14 | AD48: 20 | AE48: 30
H49: 8 | I49: 검선 | J49: 신화 | K49: =VLOOKUP(J49, 능력치!P$42:Y$47, H49+1, FALSE) -> 250 | L49: 6 | M49: =L49*K49 -> 1500 | AA49: 100 | AB49: 14 | AC49: 20 | AD49: 30 | AE49: 40
H50: 9 | I50: 아수라 | J50: 신화 | K50: =VLOOKUP(J50, 능력치!P$42:Y$47, H50+1, FALSE) -> 400 | L50: 6 | M50: =L50*K50 -> 2400 | N50: =M47+M48+M49+M50 -> 5820 | Q50: 2 | R50: 5820 | S50: =R50+Q50 -> 5822 | AA50: 140 | AB50: 20 | AC50: 30 | AD50: 40 | AE50: 50
O51: 돌아가기 | AA51: 220 | AB51: 30 | AC51: 40 | AD51: 50 | AE51: 70
O52: 돌아가기 | AA52: 460 | AB52: 60 | AC52: 90 | AD52: 120 | AE52: 150
AA53: 930 | AB53: 130 | AC53: 190 | AD53: 250 | AE53: 400
W56: 1 | X56: 2 | Y56: 3 | Z56: 4
V57: 일반 | W57: 8 | X57: 20 | Y57: 30 | Z57: 40
G58: 돌아가기 | H58: 무기 | L58: 무기공격력 | M58: 배수 | N58: 보유공격 | O58: 보유근력 | P58: 계수 | Q58: 강화수 | R58: 무기장착 | S58: 무기보유공 | T58: 무기보유근 | V58: 고급 | W58: 16 | X58: 30 | Y58: 40 | Z58: 60
J59: 일반1 | K59: 1 | L59: 100 | M59: 1 | N59: 10 | O59: 10 | P59: 1 | Q59: =MAX(0, INT($K$21*(1-INT(K59/($J$22))))) -> 200 | R59: =L59+M59*Q59 -> 300 | S59: =IF(Q59=0, 0, N59 + (P59 * Q59)) -> 210 | T59: =IF(Q59=0, 0, O59 + (P59 * Q59)) -> 210 | V59: 희귀 | W59: 24 | X59: 40 | Y59: 60 | Z59: 80
J60: 일반2 | K60: 2 | L60: 110 | M60: 2 | N60: 10 | O60: 10 | P60: 1 | Q60: =MAX(0, INT($K$21*(1-INT(K60/($J$22))))) -> 200 | R60: =L60+M60*Q60 -> 510 | S60: =IF(Q60=0, 0, N60 + (P60 * Q60)) -> 210 | T60: =IF(Q60=0, 0, O60 + (P60 * Q60)) -> 210 | V60: 영웅 | W60: 40 | X60: 70 | Y60: 100 | Z60: 160
J61: 일반3 | K61: 3 | L61: 120 | M61: 3 | N61: 15 | O61: 15 | P61: 2 | Q61: =MAX(0, INT($K$21*(1-INT(K61/($J$22))))) -> 200 | R61: =L61+M61*Q61 -> 720 | S61: =IF(Q61=0, 0, N61 + (P61 * Q61)) -> 415 | T61: =IF(Q61=0, 0, O61 + (P61 * Q61)) -> 415 | V61: 전설 | W61: 70 | X61: 120 | Y61: 180 | Z61: 280
J62: 일반4 | K62: 4 | L62: 130 | M62: 4 | N62: 20 | O62: 20 | P62: 2 | Q62: =MAX(0, INT($K$21*(1-INT(K62/($J$22))))) -> 200 | R62: =L62+M62*Q62 -> 930 | S62: =IF(Q62=0, 0, N62 + (P62 * Q62)) -> 420 | T62: =IF(Q62=0, 0, O62 + (P62 * Q62)) -> 420 | V62: 신화 | W62: 150 | X62: 250 | Y62: 370 | Z62: 570
J63: 고급1 | K63: 5 | L63: 150 | M63: 5 | N63: 25 | O63: 25 | P63: 3 | Q63: =MAX(0, INT($K$21*(1-INT(K63/($J$22))))) -> 200 | R63: =L63+M63*Q63 -> 1150 | S63: =IF(Q63=0, 0, N63 + (P63 * Q63)) -> 625 | T63: =IF(Q63=0, 0, O63 + (P63 * Q63)) -> 625
J64: 고급2 | K64: 6 | L64: 170 | M64: 6 | N64: 30 | O64: 30 | P64: 3 | Q64: =MAX(0, INT($K$21*(1-INT(K64/($J$22))))) -> 200 | R64: =L64+M64*Q64 -> 1370 | S64: =IF(Q64=0, 0, N64 + (P64 * Q64)) -> 630 | T64: =IF(Q64=0, 0, O64 + (P64 * Q64)) -> 630
J65: 고급3 | K65: 7 | L65: 190 | M65: 7 | N65: 35 | O65: 35 | P65: 4 | Q65: =MAX(0, INT($K$21*(1-INT(K65/($J$22))))) -> 200 | R65: =L65+M65*Q65 -> 1590 | S65: =IF(Q65=0, 0, N65 + (P65 * Q65)) -> 835 | T65: =IF(Q65=0, 0, O65 + (P65 * Q65)) -> 835
J66: 고급4 | K66: 8 | L66: 210 | M66: 9 | N66: 40 | O66: 40 | P66: 4 | Q66: =MAX(0, INT($K$21*(1-INT(K66/($J$22))))) -> 200 | R66: =L66+M66*Q66 -> 2010 | S66: =IF(Q66=0, 0, N66 + (P66 * Q66)) -> 840 | T66: =IF(Q66=0, 0, O66 + (P66 * Q66)) -> 840
J67: 희귀1 | K67: 9 | L67: 250 | M67: 10 | N67: 50 | O67: 50 | P67: 5 | Q67: =MAX(0, INT($K$21*(1-INT(K67/($J$22))))) -> 200 | R67: =L67+M67*Q67 -> 2250 | S67: =IF(Q67=0, 0, N67 + (P67 * Q67)) -> 1050 | T67: =IF(Q67=0, 0, O67 + (P67 * Q67)) -> 1050
J68: 희귀2 | K68: 10 | L68: 280 | M68: 11 | N68: 60 | O68: 60 | P68: 5 | Q68: =MAX(0, INT($K$21*(1-INT(K68/($J$22))))) -> 200 | R68: =L68+M68*Q68 -> 2480 | S68: =IF(Q68=0, 0, N68 + (P68 * Q68)) -> 1060 | T68: =IF(Q68=0, 0, O68 + (P68 * Q68)) -> 1060
J69: 희귀3 | K69: 11 | L69: 310 | M69: 13 | N69: 70 | O69: 70 | P69: 6 | Q69: =MAX(0, INT($K$21*(1-INT(K69/($J$22))))) -> 200 | R69: =L69+M69*Q69 -> 2910 | S69: =IF(Q69=0, 0, N69 + (P69 * Q69)) -> 1270 | T69: =IF(Q69=0, 0, O69 + (P69 * Q69)) -> 1270
J70: 희귀4 | K70: 12 | L70: 340 | M70: 15 | N70: 80 | O70: 80 | P70: 6 | Q70: =MAX(0, INT($K$21*(1-INT(K70/($J$22))))) -> 200 | R70: =L70+M70*Q70 -> 3340 | S70: =IF(Q70=0, 0, N70 + (P70 * Q70)) -> 1280 | T70: =IF(Q70=0, 0, O70 + (P70 * Q70)) -> 1280
J71: 영웅2 | K71: 13 | L71: 500 | M71: 16 | N71: 120 | O71: 120 | P71: 7 | Q71: =MAX(0, INT($K$21*(1-INT(K71/($J$22))))) -> 200 | R71: =L71+M71*Q71 -> 3700 | S71: =IF(Q71=0, 0, N71 + (P71 * Q71)) -> 1520 | T71: =IF(Q71=0, 0, O71 + (P71 * Q71)) -> 1520
J72: 영웅3 | K72: 14 | L72: 550 | M72: 17 | N72: 130 | O72: 130 | P72: 7 | Q72: =MAX(0, INT($K$21*(1-INT(K72/($J$22))))) -> 200 | R72: =L72+M72*Q72 -> 3950 | S72: =IF(Q72=0, 0, N72 + (P72 * Q72)) -> 1530 | T72: =IF(Q72=0, 0, O72 + (P72 * Q72)) -> 1530
J73: 영웅4 | K73: 15 | L73: 600 | M73: 18 | N73: 150 | O73: 150 | P73: 8 | Q73: =MAX(0, INT($K$21*(1-INT(K73/($J$22))))) -> 200 | R73: =L73+M73*Q73 -> 4200 | S73: =IF(Q73=0, 0, N73 + (P73 * Q73)) -> 1750 | T73: =IF(Q73=0, 0, O73 + (P73 * Q73)) -> 1750
J74: 영웅5 | K74: 16 | L74: 700 | M74: 19 | N74: 180 | O74: 180 | P74: 8 | Q74: =MAX(0, INT($K$21*(1-INT(K74/($J$22))))) -> 200 | R74: =L74+M74*Q74 -> 4500 | S74: =IF(Q74=0, 0, N74 + (P74 * Q74)) -> 1780 | T74: =IF(Q74=0, 0, O74 + (P74 * Q74)) -> 1780
... J76: 전설2 | K76: 18 | L76: 1600 | M76: 30 | N76: 400 | O76: 400 | P76: 10 | Q76: =MAX(0, INT($K$21*(1-INT(K76/($J$22))))) -> 200 | R76: =L76+M76*Q76 -> 7600 | S76: =IF(Q76=0, 0, N76 + (P76 * Q76)) -> 2400 | T76: =IF(Q76=0, 0, O76 + (P76 * Q76)) -> 2400
J77: 전설3 | K77: 19 | L77: 2400 | M77: 35 | N77: 600 | O77: 600 | P77: 15 | Q77: =MAX(0, INT($K$21*(1-INT(K77/($J$22+1))))) -> 200 | R77: =L77+M77*Q77 -> 9400 | S77: =IF(Q77=0, 0, N77 + (P77 * Q77)) -> 3600 | T77: =IF(Q77=0, 0, O77 + (P77 * Q77)) -> 3600
J78: 전설4 | K78: 20 | L78: 3600 | M78: 40 | N78: 900 | O78: 900 | P78: 15 | Q78: =MAX(0, INT($K$21*(1-INT(K78/($J$22))))) -> 0 | R78: =L78+M78*Q78 -> 3600 | S78: =IF(Q78=0, 0, N78 + (P78 * Q78)) -> 0 | T78: =IF(Q78=0, 0, O78 + (P78 * Q78)) -> 0
J79: 신화1 | K79: 21 | L79: 7200 | M79: 72 | N79: 1800 | O79: 1800 | P79: 25 | Q79: =MAX(0, INT($K$21*(1-INT(K79/($J$22))))) -> 0 | R79: =L79+M79*Q79 -> 7200 | S79: =IF(Q79=0, 0, N79 + (P79 * Q79)) -> 0 | T79: =IF(Q79=0, 0, O79 + (P79 * Q79)) -> 0
J80: 신화2 | K80: 22 | L80: 15000 | M80: 150 | N80: 3600 | O80: 3600 | P80: 50 | Q80: =MAX(0, INT($K$21*(1-INT(K80/($J$22))))) -> 0 | R80: =L80+M80*Q80 -> 15000 | S80: =IF(Q80=0, 0, N80 + (P80 * Q80)) -> 0 | T80: =IF(Q80=0, 0, O80 + (P80 * Q80)) -> 0
J81: 신화3 | K81: 23 | L81: 30000 | M81: 300 | N81: 7500 | O81: 7500 | P81: 100 | Q81: =MAX(0, INT($K$21*(1-INT(K81/($J$22))))) -> 0 | R81: =L81+M81*Q81 -> 30000 | S81: =IF(Q81=0, 0, N81 + (P81 * Q81)) -> 0 | T81: =IF(Q81=0, 0, O81 + (P81 * Q81)) -> 0 | V81: 돌아가기
J82: 신화4 | K82: 24 | L82: 60000 | M82: 600 | N82: 12000 | O82: 12000 | P82: 200 | Q82: =MAX(0, INT($K$21*(1-INT(K82/($J$22))))) -> 0 | R82: =L82+M82*Q82 -> 60000 | S82: =IF(Q82=0, 0, N82 + (P82 * Q82)) -> 0 | T82: =IF(Q82=0, 0, O82 + (P82 * Q82)) -> 0
J83: 유일 | K83: 25 | L83: 150000 | M83: 15000 | N83: 40000 | O83: 40000 | P83: 500 | Q83: =MAX(0, INT($K$21*(1-INT(K83/($J$22))))) -> 0 | R83: =L83+M83*Q83 -> 150000 | S83: =IF(Q83=0, 0, N83 + (P83 * Q83)) -> 0 | T83: =IF(Q83=0, 0, O83 + (P83 * Q83)) -> 0
H84: 돌아가기 | R84: =VLOOKUP(J21, J59:T83, 9, FALSE) -> 9400 | S84: =SUM(S59:S83) -> 23705 | T84: =SUM(T59:T83) -> 23705
R85: 무기장착 | S85: 무기보유공 | T85: 무기보유근
J88: 기;본 | K88: 공격 | L88: 2 | M88: 생명2
Q90: 공격력 | R90: 생명 | S90: 치명확율 | T90: 치명데미지
L91: 등급 | M91: 수치 | N91: 개수 | O91: 합 | Q91: 0 | R91: 1 | S91: 2 | T91: 3 | U91: 4 | V91: 0 | Y91: 아이디 진화 조각 개수
G92: 돌아가기 | H92: 위인 | I92: 기본 | J92: 1 | K92: 공격력 | L92: 보유7 | M92: =VLOOKUP(L92, 능력치!Q$91:V$106, J92+1, FALSE) -> 650 | N92: 2 | O92: =N92*M92 -> 1300 | Q92: 보유1 | R92: 20 | S92: 20 | T92: 1 | U92: 5 | V92: 1 | Y92: 1 | Z92: 10 | AA92: 10
J93: 2 | K93: 생명 | L93: 보유8 | M93: =VLOOKUP(L93, 능력치!Q$92:U$151, J93+1, FALSE) -> 800 | N93: 2 | O93: =N93*M93 -> 1600 | Q93: 보유2 | R93: 50 | S93: 50 | T93: 2 | U93: 10 | V93: 2 | Y93: 2 | Z93: 30 | AA93: =AA92+Z93 -> 40
J94: 3 | K94: 치명확율 | L94: 보유9 | M94: =VLOOKUP(L94, 능력치!Q$92:U$151, J94+1, FALSE) -> 13 | N94: 1 | O94: =N94*M94 -> 13 | Q94: 보유3 | R94: 100 | S94: 100 | T94: 3 | U94: 20 | V94: 3 | Y94: 3 | Z94: 60 | AA94: =AA93+Z94 -> 100
M95: 공격력 | N95: 생명력 | O95: 치명 | Q95: 보유4 | R95: 200 | S95: 200 | T95: 4 | U95: 30 | V95: 4 | Y95: 4 | Z95: 120 | AA95: =AA94+Z95 -> 220
M96: =O92 -> 1300 | N96: =O93 -> 1600 | O96: =O94 -> 13 | Q96: 보유5 | R96: 350 | S96: 350 | T96: 5 | U96: 40 | V96: 5 | Y96: 5 | Z96: 200 | AA96: =AA95+Z96 -> 420
I97: 고려 | J97: 1 | K97: 공격력 | L97: 보유2 | M97: =VLOOKUP(L97, 능력치!Q$92:U$151, J97+1, FALSE) -> 50 | N97: 7 | O97: =N97*M97 -> 350 | Q97: 보유6 | R97: 500 | S97: 500 | T97: 7 | U97: 50 | V97: 6 | Y97: 6 | Z97: 300 | AA97: =AA96+Z97 -> 720
J98: 2 | K98: 생명 | L98: 보유1 | M98: =VLOOKUP(L98, 능력치!Q$92:U$151, J98+1, FALSE) -> 20 | N98: 7 | O98: =N98*M98 -> 140 | Q98: 보유7 | R98: 650 | S98: 650 | T98: 9 | U98: 70 | V98: 7 | Y98: 7 | Z98: 400 | AA98: =AA97+Z98 -> 1120
J99: 3 | K99: 치명확율 | L99: 보유0 | M99: =VLOOKUP(L99, 능력치!Q$92:U$151, J99+1, FALSE) -> #N/A | N99: 0 | O99: =N99*M99 -> #N/A | Q99: 보유8 | R99: 800 | S99: 800 | T99: 11 | U99: 90 | V99: 8 | Y99: 8 | Z99: 500 | AA99: =AA98+Z99 -> 1620
J100: 4 | K100: 치명데미지 | L100: 보유1 | M100: =VLOOKUP(L100, 능력치!Q$92:U$151, J100+1, FALSE) -> 5 | N100: 4 | O100: =N100*M100 -> 20 | Q100: 보유9 | R100: 1000 | S100: 1000 | T100: 13 | U100: 120 | V100: 9 | Y100: 9 | Z100: 600 | AA100: =AA99+Z100 -> 2220
M101: 공격력 | N101: 생명력 | O101: 치명 | Q101: 보유10 | R101: 1200 | S101: 1200 | T101: 15 | U101: 150 | V101: 10 | Y101: 10 | Z101: 700 | AA101: =AA100+Z101 -> 2920
M102: =O97 -> 350 | N102: =O98 -> 140 | O102: =O100 -> 20 | Q102: 보유11 | R102: 1500 | S102: 1500 | T102: 18 | U102: 190 | V102: 11 | Y102: 11 | Z102: 800 | AA102: =AA101+Z102 -> 3720
I103: 조선 | J103: 1 | K103: 공격력 | L103: 보유1 | M103: =VLOOKUP(L103, 능력치!Q$92:U$151, J103+1, FALSE) -> 20 | N103: 8 | O103: =N103*M103 -> 160 | Q103: 보유12 | R103: 1800 | S103: 1800 | T103: 21 | U103: 230 | V103: 12 | Y103: 12 | Z103: 1000 | AA103: =AA102+Z103 -> 4720
J104: 2 | K104: 생명 | L104: 보유1 | M104: =VLOOKUP(L104, 능력치!Q$92:U$151, J104+1, FALSE) -> 20 | N104: 8 | O104: =N104*M104 -> 160 | Q104: 보유13 | R104: 2100 | S104: 2100 | T104: 24 | U104: 280 | V104: 13 | Y104: 13 | Z104: 1200 | AA104: =AA103+Z104 -> 5920
J105: 3 | K105: 치명확율 | L105: 보유1 | M105: =VLOOKUP(L105, 능력치!Q$92:U$151, J105+1, FALSE) -> 1 | N105: 0 | O105: =N105*M105 -> 0 | Q105: 보유14 | R105: 2500 | S105: 2500 | T105: 27 | U105: 330 | V105: 14 | Y105: 14 | Z105: 1400 | AA105: =AA104+Z105 -> 7320
J106: 4 | K106: 치명데미지 | L106: 보유1 | M106: =VLOOKUP(L106, 능력치!Q$92:U$151, J106+1, FALSE) -> 5 | N106: 7 | O106: =N106*M106 -> 35 | Q106: 보유15 | R106: 3000 | S106: 3000 | T106: 30 | U106: 400 | V106: 15 | Y106: 15 | Z106: 1600 | AA106: =AA105+Z106 -> 8920
M107: 공격력 | N107: 생명력 | O107: 치명
M108: =O103 -> 160 | N108: =O104 -> 160 | O108: =O106 -> 35 | Q108: 0
I109: 근대 | J109: 1 | K109: 공격력 | L109: 보유5 | M109: =VLOOKUP(L109, 능력치!Q$92:V$106, J109+1, FALSE) -> 350 | N109: 6 | O109: =N109*M109 -> 2100 | Q109: 1
J110: 2 | K110: 생명 | L110: 보유5 | M110: =VLOOKUP(L110, 능력치!Q$92:U$151, J110+1, FALSE) -> 350 | N110: 6 | O110: =N110*M110 -> 2100 | Q110: 2
J111: 3 | K111: 치명확율 | L111: 보유3 | M111: =VLOOKUP(L111, 능력치!Q$92:U$151, J111+1, FALSE) -> 3 | N111: 0 | O111: =N111*M111 -> 0 | Q111: 3
...

Sheet 계산
E4: 무42D237킵 | L4: =J3-J6 -> 0
G5: 12240 | H5: 5820 | I5: =H5+G5 -> 18060
C6: 이동 | M6: 정수공x 2 x 룬공/100 *어빌
C7: 공격정수 | D7: OffenseEssence1 | E7: =IFERROR(VLOOKUP(D7, INDIRECT("'[" & $E$4 & ".xlsx]Sheet1'!$A:$C"), 3, FALSE), "찾을 수 없음") -> 찾을 수 없음 | F7: =IF(E7="찾을 수 없음", 100, E7) -> 100 | G7: =F7 -> 100 | J7: 정수 공 | K7: =(G7*2) -> 200 | M7: (정수 x 2)
C8: 공격근력 | D8: OffenseEssence2 | E8: =IFERROR(VLOOKUP(D8, INDIRECT("'[" & $E$4 & ".xlsx]Sheet1'!$A:$C"), 3, FALSE), "찾을 수 없음") -> 찾을 수 없음 | F8: =IF(E8="찾을 수 없음", 100, E8) -> 100 | G8: =F8 -> 100 | J8: 룬공 | K8: =(G12/100) -> 1 | M8: (룬 공 /100)
C9: 초월 공격력 | D9: OffenseGrowth2_1 | E9: =IFERROR(VLOOKUP(D9, INDIRECT("'[" & $E$4 & ".xlsx]Sheet1'!$A:$C"), 3, FALSE), "찾을 수 없음") -> 찾을 수 없음 | F9: =IF(E9="찾을 수 없음", 100, E9) -> 100 | G9: =F9 -> 100 | J9: 어빌공/증폭 | K9: =(G10*G11/10000) -> 7123.68 | M9: (어빌 x 어빌 공근 증폭)/10000
C10: 어빌 | D10: OffenseGrowth3_1 | E10: =IFERROR(VLOOKUP(D10, INDIRECT("'[" & $E$4 & ".xlsx]Sheet1'!$A:$C"), 3, FALSE), "찾을 수 없음") -> 찾을 수 없음 | F10: =IF(E10="찾을 수 없음", 100, E10) -> 100 | G10: 12240 | J10: 연구공/증폭 | K10: =(G31*G32/10000) -> 13 | M10: (연구 공근 x연구공근증폭 ) /10000
C11: 어빌증폭 | D11: OffenseGrowth3_2 | E11: =IFERROR(VLOOKUP(D11, INDIRECT("'[" & $E$4 & ".xlsx]Sheet1'!$A:$C"), 3, FALSE), "찾을 수 없음") -> 찾을 수 없음 | F11: =IF(E11="찾을 수 없음", 100, E11) -> 100 | G11: 5820 | J11: 나무공 | K11: =G14/1000 -> 0.1 | M11: 나무 공격력 /1000
C12: 룬 공격력 | D12: OffenseGrowth4_1 | E12: =IFERROR(VLOOKUP(D12, INDIRECT("'[" & $E$4 & ".xlsx]Sheet1'!$A:$C"), 3, FALSE), "찾을 수 없음") -> 찾을 수 없음 | F12: =IF(E12="찾을 수 없음", 100, E12) -> 100 | G12: =F12 -> 100 | J12: 나무승급공 | K12: =G15/100 -> 1 | L12: =K7*K8*K9*K10*K11*K12 -> 1852156.8 | M12: 나무 승급 공격력/100
C13: 룬 근력 | D13: OffenseGrowth4_2 | E13: =IFERROR(VLOOKUP(D13, INDIRECT("'[" & $E$4 & ".xlsx]Sheet1'!$A:$C"), 3, FALSE), "찾을 수 없음") -> 찾을 수 없음 | F13: =IF(E13="찾을 수 없음", 100, E13) -> 100 | G13: =F13 -> 100 | L13: =L12+K14 -> 1852256.8
C14: 나무 | D14: OffenseGrowth5_1 | E14: =IFERROR(VLOOKUP(D14, INDIRECT("'[" & $E$4 & ".xlsx]Sheet1'!$A:$C"), 3, FALSE), "찾을 수 없음") -> 찾을 수 없음 | F14: =IF(E14="찾을 수 없음", 100, E14) -> 100 | G14: =F14 -> 100 | J14: 정수 근+룬 근 | K14: =(G8*G13/100) -> 100 | L14: =K7*K8*K9*K10*K11*K12+K14 -> 1852256.8
C15: 나무진화 | D15: OffenseGrowth5_2 | E15: =IFERROR(VLOOKUP(D15, INDIRECT("'[" & $E$4 & ".xlsx]Sheet1'!$A:$C"), 3, FALSE), "찾을 수 없음") -> 찾을 수 없음 | F15: =IF(E15="찾을 수 없음", 100, E15) -> 100 | G15: =F15 -> 100
C16: 장비장착 | D16: OffenseEquipmentEquip | E16: =IFERROR(VLOOKUP(D16, INDIRECT("'[" & $E$4 & ".xlsx]Sheet1'!$A:$C"), 3, FALSE), "찾을 수 없음") -> 찾을 수 없음 | F16: =IF(E16="찾을 수 없음", 100, E16) -> 100 | G16: =F16 -> 100 | H16: 1 | M16: 정수 근력
C17: 장비보유 | D17: Offense1EquipmentHave | E17: =IFERROR(VLOOKUP(D17, INDIRECT("'[" & $E$4 & ".xlsx]Sheet1'!$A:$C"), 3, FALSE), "찾을 수 없음") -> 찾을 수 없음 | F17: =IF(E17="찾을 수 없음", 100, E17) -> 100 | G17: =F17 -> 100 | H17: 2 | M17: 룬 근 /100
C18: 장비보유근력 | D18: Offense2EquipmentHave | E18: =IFERROR(VLOOKUP(D18, INDIRECT("'[" & $E$4 & ".xlsx]Sheet1'!$A:$C"), 3, FALSE), "찾을 수 없음") -> 찾을 수 없음 | F18: =IF(E18="찾을 수 없음", 100, E18) -> 100 | G18: =F18 -> 100 | H18: 3 | J18: 장비 공 | K18: =(G16+(G17*G37/100)+(G38*G18/100/2))/100 -> 10.9 | M18: (장비 공격력 +
C19: 고려영웅 | D19: OffenseHero2 | E19: =IFERROR(VLOOKUP(D19, INDIRECT("'[" & $E$4 & ".xlsx]Sheet1'!$A:$C"), 3, FALSE), "찾을 수 없음") -> 찾을 수 없음 | F19: =IF(E19="찾을 수 없음", 100, E19) -> 100 | G19: =F19 -> 100 | J19: 초월 공 | K19: =G9/100 -> 1 | M19: (무기보유 공격력 * 장비증폭)/100 +
C20: 조선영웅 | D20: OffenseHero3 | E20: =IFERROR(VLOOKUP(D20, INDIRECT("'[" & $E$4 & ".xlsx]Sheet1'!$A:$C"), 3, FALSE), "찾을 수 없음") -> 찾을 수 없음 | F20: =IF(E20="찾을 수 없음", 100, E20) -> 100 | G20: =F20 -> 100 | J20: 위인 공 | K20: =G19*G20*G21/100/100/100 -> 1 | M20: (무기 보유 근력 *장비증폭/100/2) )/100
C21: 근현대영웅 | D21: OffenseHero4 | E21: =IFERROR(VLOOKUP(D21, INDIRECT("'[" & $E$4 & ".xlsx]Sheet1'!$A:$C"), 3, FALSE), "찾을 수 없음") -> 찾을 수 없음 | F21: =IF(E21="찾을 수 없음", 100, E21) -> 100 | G21: 100 | J21: 승급 공 | K21: =G22/100 -> 1
C22: 승급 | D22: OffenseCharacterUp | E22: =IFERROR(VLOOKUP(D22, INDIRECT("'[" & $E$4 & ".xlsx]Sheet1'!$A:$C"), 3, FALSE), "찾을 수 없음") -> 찾을 수 없음 | F22: =IF(E22="찾을 수 없음", 100, E22) -> 100 | G22: =F22 -> 100 | J22: 유물 고려 공 | K22: =G24*G27/10000*G25*G28/10000*G26*G29/10000 -> 1 | M22: 초월 공격력 /100 | O22: d | W22: // 기본 스킬 데미지
S23: 6.1747438e+27 | W23: // 안쓸떄 200 쓸떄 스킬뎀지 / 100 *
D24: OffenseTreasure1 | E24: =IFERROR(VLOOKUP(D24, INDIRECT("'[" & $E$4 & ".xlsx]Sheet1'!$A:$C"), 3, FALSE), "찾을 수 없음") -> 찾을 수 없음 | F24: =IF(E24="찾을 수 없음", 100, E24) -> 100 | G24: =F24 -> 100 | M24: 고려위인공격력 /100 | S24: 1.1114539e+30 | T24: =S24/S23 -> 180 | W24: // 치명타 데미지 x 치명타증폭 /100 +100/ 100 *
D25: OffenseTreasure2 | E25: =IFERROR(VLOOKUP(D25, INDIRECT("'[" & $E$4 & ".xlsx]Sheet1'!$A:$C"), 3, FALSE), "찾을 수 없음") -> 찾을 수 없음 | F25: =IF(E25="찾을 수 없음", 100, E25) -> 100 | G25: =F25 -> 100 | M25: 조선위인공격력 /100 | W25: // 숙련도 슈바니 150~200 | Z25: / 100 *
D26: OffenseTreasure3 | E26: =IFERROR(VLOOKUP(D26, INDIRECT("'[" & $E$4 & ".xlsx]Sheet1'!$A:$C"), 3, FALSE), "찾을 수 없음") -> 찾을 수 없음 | F26: =IF(E26="찾을 수 없음", 100, E26) -> 100 | G26: =F26 -> 100 | K26: =K18*K19*K20*K21*K22 -> 10.9 | M26: 근대위인공격력 /100 | W26: // 스킬 버프 | Y26: 스킬쓸떄는 100 안쓸떄는 625 | AB26: / 100 *
C27: 위인 | D27: OffenseTreasureMix1 | E27: =IFERROR(VLOOKUP(D27, INDIRECT("'[" & $E$4 & ".xlsx]Sheet1'!$A:$C"), 3, FALSE), "찾을 수 없음") -> 찾을 수 없음 | F27: =IF(E27="찾을 수 없음", 100, E27) -> 100 | G27: =F27 -> 100 | W27: // 광고 버프 3
C28: 위인 | D28: OffenseTreasureMix2 | E28: =IFERROR(VLOOKUP(D28, INDIRECT("'[" & $E$4 & ".xlsx]Sheet1'!$A:$C"), 3, FALSE), "찾을 수 없음") -> 찾을 수 없음 | F28: =IF(E28="찾을 수 없음", 100, E28) -> 100 | G28: =F28 -> 100 | J28: 총합 offenseCalcul * | K28: =L14*K26 -> 20189599 | M28: 캐릭터승급 /100
C29: 위인 | D29: OffenseTreasureMix3 | E29: =IFERROR(VLOOKUP(D29, INDIRECT("'[" & $E$4 & ".xlsx]Sheet1'!$A:$C"), 3, FALSE), "찾을 수 없음") -> 찾을 수 없음 | F29: =IF(E29="찾을 수 없음", 100, E29) -> 100 | G29: =F29 -> 100 | M29: 고려유물공격력 x 고려유물공격력증폭 /10000 | W29: // 치명타 적용 여부 | Y29: 1
M30: 조선 x 조선증폭 /10000
C31: 연구 | D31: OffenseResearch1 | E31: =IFERROR(VLOOKUP(D31, INDIRECT("'[" & $E$4 & ".xlsx]Sheet1'!$A:$C"), 3, FALSE), "찾을 수 없음") -> 찾을 수 없음 | F31: =IF(E31="찾을 수 없음", 100, E31) -> 100 | G31: 1300 | J31: 892 | K31: 4.4485842e+33 | L31: =K28/K31 -> 4.5384325e-27 | M31: 근대 x 근대 /10000
C32: 연구증폭 | D32: OffenseResearch2 | E32: =IFERROR(VLOOKUP(D32, INDIRECT("'[" & $E$4 & ".xlsx]Sheet1'!$A:$C"), 3, FALSE), "찾을 수 없음") -> 찾을 수 없음 | F32: =IF(E32="찾을 수 없음", 100, E32) -> 100 | G32: =F32 -> 100 | J32: 893 | K32: 4.8530006e+33
D33: 신규 | K33: 5.0552088e+33 | M33: 능력치로
D34: 항목 | G34: 값 | J34: damageCalcul =
C35: critical1_Damage | D35: critical1_Damage | E35: =IFERROR(VLOOKUP(D35, INDIRECT("'[" & $E$4 & ".xlsx]Sheet1'!$A:$C"), 3, FALSE), "찾을 수 없음") -> 찾을 수 없음 | F35: =IF(E35="찾을 수 없음", 100, E35) -> 100 | G35: =F35 -> 100 | I35: ㅇ | J35: offenseCalcul * | M35: =K28 -> 20189599 | P35: 기본
D36: DungeonPowerUp2 | E36: =IFERROR(VLOOKUP(D36, INDIRECT("'[" & $E$4 & ".xlsx]Sheet1'!$A:$C"), 3, FALSE), "찾을 수 없음") -> 찾을 수 없음 | F36: =IF(E36="찾을 수 없음", 100, E36) -> 100 | G36: =F36 -> 100 | I36: ㅌ | J36: NomalAndBossDamageCalcul() | L36: 315 | M36: 1350 | O36: 1350 | P36: 1550 | Q36: / 1000 *
D37: Offense1EquipmentHaveUp | E37: 760 | F37: =IF(E37="찾을 수 없음", 100, E37) -> 760 | G37: =F37 -> 760 | I37: ㅌ | J37: HeroPlaceDamageCalcul() | L37: 445 | M37: 1 | O37: 보스전100 | Q37: / 100 *
D38: Offense2EquipmentHaveUp | E38: 460 | F38: =IF(E38="찾을 수 없음", 100, E38) -> 460 | G38: =F38 -> 460 | I38: ㅇ | J38: awakeDamage | L38: =L37/L36 -> 1.4126984 | M38: =IFERROR(VLOOKUP(J38, INDIRECT("'[" & $E$4 & ".xlsx]Sheet1'!$A:$C"), 3, FALSE), "찾을 수 없음") -> 찾을 수 없음 | O38: 2000 | Q38: / 100 *//무기각성
D39: Hp1EquipmentHaveUp | E39: =IFERROR(VLOOKUP(D39, INDIRECT("'[" & $E$4 & ".xlsx]Sheet1'!$A:$C"), 3, FALSE), "찾을 수 없음") -> 찾을 수 없음 | F39: =IF(E39="찾을 수 없음", 100, E39) -> 100 | G39: =F39 -> 100 | I39: ㅇ | J39: awakeDamage2 | M39: =IFERROR(VLOOKUP(J39, INDIRECT("'[" & $E$4 & ".xlsx]Sheet1'!$A:$C"), 3, FALSE), "찾을 수 없음") -> 찾을 수 없음 | O39: 700 | Q39: / 100 *//방어구각성
D40: Hp2EquipmentHaveUp | E40: =IFERROR(VLOOKUP(D40, INDIRECT("'[" & $E$4 & ".xlsx]Sheet1'!$A:$C"), 3, FALSE), "찾을 수 없음") -> 찾을 수 없음 | F40: =IF(E40="찾을 수 없음", 100, E40) -> 100 | G40: =F40 -> 100 | I40: ㅇ | J40: finalDamage | M40: 100 | O40: 100 | Q40: / 100//미확정
A41: 660 | D41: KnockBackGuard | E41: =IFERROR(VLOOKUP(D41, INDIRECT("'[" & $E$4 & ".xlsx]Sheet1'!$A:$C"), 3, FALSE), "찾을 수 없음") -> 찾을 수 없음 | F41: =IF(E41="찾을 수 없음", 100, E41) -> 100 | G41: =F41 -> 100 | J41: / 10; | M41: 0.1 | T41: 최댓값 | U41: 14400 | V41: 12000 | W41: 10800 | X41: 9600 | Y41: 625
A42: 360 | D42: CriticalConfirm | E42: =IFERROR(VLOOKUP(D42, INDIRECT("'[" & $E$4 & ".xlsx]Sheet1'!$A:$C"), 3, FALSE), "찾을 수 없음") -> 찾을 수 없음 | F42: =IF(E42="찾을 수 없음", 100, E42) -> 100 | G42: =F42 -> 100 | K42: 넉백 3.5 | M42: =M35*M36*M37*M38*M39*M40*M41 -> #VALUE! | T42: skillDamage
J44: enemy.GetDamage( | U44: 1 | V44: 2 | W44: 3 | X44: 4 | Y44: 5 | Z44: 평타
D45: HpEssence1 | E45: =IFERROR(VLOOKUP(D45, INDIRECT("'[" & $E$4 & ".xlsx]Sheet1'!$A:$C"), 3, FALSE), "찾을 수 없음") -> 찾을 수 없음 | F45: =IF(E45="찾을 수 없음", 100, E45) -> 100 | G45: =F45 -> 100 | I45: D | J45: statData.damageCalcul * | M45: =M42 -> #VALUE! | U45: 4~5 | V45: 3 | W45: 2 | X45: 2 | Y45: 2
D46: HpEssence2 | E46: =IFERROR(VLOOKUP(D46, INDIRECT("'[" & $E$4 & ".xlsx]Sheet1'!$A:$C"), 3, FALSE), "찾을 수 없음") -> 찾을 수 없음 | F46: =IF(E46="찾을 수 없음", 100, E46) -> 100 | G46: =F46 -> 100 | I46: D | J46: skillDamageCalcul | M46: 200 | N46: {=_xlfn.TEXTSPLIT(SUBSTITUTE(SUBSTITUTE(SUBSTITUTE(SUBSTITUTE(U48, "[", ""), "]", ""), """", ""), " ", ""), ",")} -> 찾을수없음 | U46: =능력치!J6 -> 14400 | V46: =능력치!K6 -> 12000 | W46: =능력치!L6 -> 10800 | X46: =능력치!M6 -> 9600 | Y46: =능력치!N6 -> 600 | Z46: 200
D47: HpGrowth2_1 | E47: =IFERROR(VLOOKUP(D47, INDIRECT("'[" & $E$4 & ".xlsx]Sheet1'!$A:$C"), 3, FALSE), "찾을 수 없음") -> 찾을 수 없음 | F47: =IF(E47="찾을 수 없음", 100, E47) -> 100 | G47: =F47 -> 100 | I47: ㅌ | J47: statData.CriticalDamageCalcul() | M47: =U51*U55/100+100 -> #VALUE!
D48: HpGrowth3_1 | E48: =IFERROR(VLOOKUP(D48, INDIRECT("'[" & $E$4 & ".xlsx]Sheet1'!$A:$C"), 3, FALSE), "찾을 수 없음") -> 찾을 수 없음 | F48: =IF(E48="찾을 수 없음", 100, E48) -> 100 | G48: =F48 -> 100 | I48: ㅇ | J48: expertCalcul | M48: =(U50+200)/2 -> #VALUE! | N48: =(U52+200)/2 -> #VALUE! | T48: skillDamage | U48: =IFERROR(VLOOKUP(T42, INDIRECT("'[" & $E$4 & ".xlsx]Sheet1'!$A:$C"), 3, FALSE), "찾을 수 없음") -> 찾을 수 없음
D49: HpGrowth3_2, | E49: =IFERROR(VLOOKUP(D49, INDIRECT("'[" & $E$4 & ".xlsx]Sheet1'!$A:$C"), 3, FALSE), "찾을 수 없음") -> 찾을 수 없음 | F49: =IF(E49="찾을 수 없음", 100, E49) -> 100 | G49: =F49 -> 100 | I49: ㅇ | J49: skillBuffDamage | M49: 625 | N49: 200 | O49: {=INDEX(_xlfn.TEXTSPLIT(SUBSTITUTE(SUBSTITUTE(SUBSTITUTE(SUBSTITUTE(N46, "[", ""), "]", ""), """", ""), " ", ""), ","), 5)} -> #REF!
D50: HpGrowth4_1 | E50: =IFERROR(VLOOKUP(D50, INDIRECT("'[" & $E$4 & ".xlsx]Sheet1'!$A:$C"), 3, FALSE), "찾을 수 없음") -> 찾을 수 없음 | F50: =IF(E50="찾을 수 없음", 100, E50) -> 100 | G50: =F50 -> 100 | I50: D | J50: statData.AdsDamageCalcul() | M50: 3 | O50: =R46 -> 0 | T50: skillExpert | U50: =IFERROR(VLOOKUP(T50, INDIRECT("'[" & $E$4 & ".xlsx]Sheet1'!$A:$C"), 3, FALSE), "찾을 수 없음") -> 찾을 수 없음 | V50: =U50/2+200/2 -> #VALUE!
D51: HpGrowth4_2 | E51: =IFERROR(VLOOKUP(D51, INDIRECT("'[" & $E$4 & ".xlsx]Sheet1'!$A:$C"), 3, FALSE), "찾을 수 없음") -> 찾을 수 없음 | F51: =IF(E51="찾을 수 없음", 100, E51) -> 100 | G51: =F51 -> 100 | J51: , | T51: critical1_Damage | U51: =IFERROR(VLOOKUP(T51, INDIRECT("'[" & $E$4 & ".xlsx]Sheet1'!$A:$C"), 3, FALSE), "찾을 수 없음") -> 찾을 수 없음
D52: HpGrowth5_1 | E52: =IFERROR(VLOOKUP(D52, INDIRECT("'[" & $E$4 & ".xlsx]Sheet1'!$A:$C"), 3, FALSE), "찾을 수 없음") -> 찾을 수 없음 | F52: =IF(E52="찾을 수 없음", 100, E52) -> 100 | G52: =F52 -> 100 | J52: statData.criticalConfirm); | M52: 1 | T52: nomalExpert | U52: =IFERROR(VLOOKUP(T52, INDIRECT("'[" & $E$4 & ".xlsx]Sheet1'!$A:$C"), 3, FALSE), "찾을 수 없음") -> 찾을 수 없음
D53: HpGrowth5_2 | E53: =IFERROR(VLOOKUP(D53, INDIRECT("'[" & $E$4 & ".xlsx]Sheet1'!$A:$C"), 3, FALSE), "찾을 수 없음") -> 찾을 수 없음 | F53: =IF(E53="찾을 수 없음", 100, E53) -> 100 | G53: =F53 -> 100 | T53: nomalAddDamage | U53: =IFERROR(VLOOKUP(T53, INDIRECT("'[" & $E$4 & ".xlsx]Sheet1'!$A:$C"), 3, FALSE), "찾을 수 없음") -> 찾을 수 없음
D54: HpEquipmentEquip | E54: =IFERROR(VLOOKUP(D54, INDIRECT("'[" & $E$4 & ".xlsx]Sheet1'!$A:$C"), 3, FALSE), "찾을 수 없음") -> 찾을 수 없음 | F54: =IF(E54="찾을 수 없음", 100, E54) -> 100 | G54: =F54 -> 100 | L54: 데미지 | M54: =M45*M46*M47*M48*M49*M50 -> #VALUE! | U54: =IFERROR(VLOOKUP(T54, INDIRECT("'[" & $E$4 & ".xlsx]Sheet1'!$A:$C"), 3, FALSE), "찾을 수 없음") -> 찾을 수 없음
D55: Hp1EquipmentHave | E55: =IFERROR(VLOOKUP(D55, INDIRECT("'[" & $E$4 & ".xlsx]Sheet1'!$A:$C"), 3, FALSE), "찾을 수 없음") -> 찾을 수 없음 | F55: =IF(E55="찾을 수 없음", 100, E55) -> 100 | G55: =F55 -> 100 | T55: critical1_DamageRate | U55: =IFERROR(VLOOKUP(T55, INDIRECT("'[" & $E$4 & ".xlsx]Sheet1'!$A:$C"), 3, FALSE), "찾을 수 없음") -> 찾을 수 없음
D56: Hp2EquipmentHave | E56: =IFERROR(VLOOKUP(D56, INDIRECT("'[" & $E$4 & ".xlsx]Sheet1'!$A:$C"), 3, FALSE), "찾을 수 없음") -> 찾을 수 없음 | F56: =IF(E56="찾을 수 없음", 100, E56) -> 100 | G56: =F56 -> 100 | J56: if (GameManager.instance.battleMode != BattleMode.Dungeon4)
D57: HpHero2 | E57: =IFERROR(VLOOKUP(D57, INDIRECT("'[" & $E$4 & ".xlsx]Sheet1'!$A:$C"), 3, FALSE), "찾을 수 없음") -> 찾을 수 없음 | F57: =IF(E57="찾을 수 없음", 100, E57) -> 100 | G57: =F57 -> 100 | J57: {
D58: HpHero3 | E58: =IFERROR(VLOOKUP(D58, INDIRECT("'[" & $E$4 & ".xlsx]Sheet1'!$A:$C"), 3, FALSE), "찾을 수 없음") -> 찾을 수 없음 | F58: =IF(E58="찾을 수 없음", 100, E58) -> 100 | G58: =F58 -> 100 | T58: (critical1_Damage * critical1_DamageUp / 100) + 100;
D59: HpHero4 | E59: =IFERROR(VLOOKUP(D59, INDIRECT("'[" & $E$4 & ".xlsx]Sheet1'!$A:$C"), 3, FALSE), "찾을 수 없음") -> 찾을 수 없음 | F59: =IF(E59="찾을 수 없음", 100, E59) -> 100 | G59: =F59 -> 100 | J59: Debug.Log("데미지" + damage);
D60: HpCharacterUp | E60: =IFERROR(VLOOKUP(D60, INDIRECT("'[" & $E$4 & ".xlsx]Sheet1'!$A:$C"), 3, FALSE), "찾을 수 없음") -> 찾을 수 없음 | F60: =IF(E60="찾을 수 없음", 100, E60) -> 100 | G60: =F60 -> 100 | J60: currentHp -= damage;
D61: HpTreasure1 | E61: =IFERROR(VLOOKUP(D61, INDIRECT("'[" & $E$4 & ".xlsx]Sheet1'!$A:$C"), 3, FALSE), "찾을 수 없음") -> 찾을 수 없음 | F61: =IF(E61="찾을 수 없음", 100, E61) -> 100 | G61: =F61 -> 100 | T61: bossHpDown | U61: =IFERROR(VLOOKUP(T61, INDIRECT("'[" & $E$4 & ".xlsx]Sheet1'!$A:$C"), 3, FALSE), "찾을 수 없음") -> 찾을 수 없음
D62: HpTreasure2 | E62: =IFERROR(VLOOKUP(D62, INDIRECT("'[" & $E$4 & ".xlsx]Sheet1'!$A:$C"), 3, FALSE), "찾을 수 없음") -> 찾을 수 없음 | F62: =IF(E62="찾을 수 없음", 100, E62) -> 100 | G62: =F62 -> 100 | J62: Debug.Log("체력" + currentHp);
D63: HpTreasure3 | E63: =IFERROR(VLOOKUP(D63, INDIRECT("'[" & $E$4 & ".xlsx]Sheet1'!$A:$C"), 3, FALSE), "찾을 수 없음") -> 찾을 수 없음 | F63: =IF(E63="찾을 수 없음", 100, E63) -> 100 | G63: =F63 -> 100
D64: HpTreasureMix1 | E64: =IFERROR(VLOOKUP(D64, INDIRECT("'[" & $E$4 & ".xlsx]Sheet1'!$A:$C"), 3, FALSE), "찾을 수 없음") -> 찾을 수 없음 | F64: =IF(E64="찾을 수 없음", 100, E64) -> 100 | G64: =F64 -> 100 | J64: } | T64: 위인
D65: HpTreasureMix2 | E65: =IFERROR(VLOOKUP(D65, INDIRECT("'[" & $E$4 & ".xlsx]Sheet1'!$A:$C"), 3, FALSE), "찾을 수 없음") -> 찾을 수 없음 | F65: =IF(E65="찾을 수 없음", 100, E65) -> 100 | G65: =F65 -> 100
D66: HpTreasureMix3 | E66: =IFERROR(VLOOKUP(D66, INDIRECT("'[" & $E$4 & ".xlsx]Sheet1'!$A:$C"), 3, FALSE), "찾을 수 없음") -> 찾을 수 없음 | F66: =IF(E66="찾을 수 없음", 100, E66) -> 100 | G66: =F66 -> 100
D67: HpResearch1 | E67: =IFERROR(VLOOKUP(D67, INDIRECT("'[" & $E$4 & ".xlsx]Sheet1'!$A:$C"), 3, FALSE), "찾을 수 없음") -> 찾을 수 없음 | F67: =IF(E67="찾을 수 없음", 100, E67) -> 100 | G67: =F67 -> 100
D68: HpResearch2 | E68: =IFERROR(VLOOKUP(D68, INDIRECT("'[" & $E$4 & ".xlsx]Sheet1'!$A:$C"), 3, FALSE), "찾을 수 없음") -> 찾을 수 없음 | F68: =IF(E68="찾을 수 없음", 100, E68) -> 100 | G68: =F68 -> 100

Sheet Sheet2
H9: 1:12:30:45 | I9: 0:5:15:30 | J9: =H9+I9 -> #VALUE!
J14: 넉백올방어 | N14: 넉백방어1 | P14: 넉백방어3
I15: 78 | J15: 78 | K15: 77 | L15: 78 | N15: 70번 | P15: 75 | R15: 62
O16: ` | R16: 63
N21: 1회방어
N22: 66
F27: 스킬뎀 | G27: 크리티칼고정 | H27: 숙련도 | I27: 스킬버프
E28: 4 | F28: 14400 | H28: 중간값 | I28: 100 | J28: 28 | L28: =I28*F28*E28 -> 5760000 | M28: =L28/$J$36 -> #DIV/0!
E29: 3 | F29: 12000 | I29: 625 | J29: 38 | L29: =I28*F29*E29 -> 3600000 | M29: =L29/$J$36 -> #DIV/0!
E30: 2 | F30: 10800 | J30: 17 | L30: =I28*F30*E30 -> 2160000 | M30: =L30/$J$36 -> #DIV/0!
E31: 2 | F31: 9600 | L31: =I28*F31*E31 -> 1920000 | M31: =L31/$J$36 -> #DIV/0!
E32: 55 | F32: 200 | L32: =I28*F32*E32*17 -> 18700000 | M32: =L32/$J$36 -> #DIV/0!
E33: =SUM(E28:E32) -> 66 | L33: =38*I29*F32 -> 4750000 | M33: =L33/$J$36 -> #DIV/0!
L34: =SUM(L28:L33) -> 36890000
I35: 이게오른다
F36: 스킬뎀 | G36: 크리티칼고정 | H36: 숙련도 | I36: 스킬버프
E37: 4 | F37: 14400 | H37: 중간값 | I37: 100 | J37: 28
E38: 3 | F38: 12000 | I38: 625 | J38: 38
E39: 2 | F39: 10800 | J39: 17
E40: 2 | F40: 9600
E41: 54 | F41: 200
E42: =SUM(E37:E41) -> 65
F45: 항목 | G45: 값 범위 | H45: 횟수 | I45: 특징
F46: skillDamageCalcul | G46: 200, 9600, 10800, 12000, 14400 | H46: 65 | I46: 200(54), 14400(4), 12000(3), 10800(2), 9600(2)
F47: skillBuffDamage | G47: 100, 625 | H47: 65 | I47: 100(28) → 625(37), 28번째부터 전환

Sheet 스킬
A1: 아이디 | B1: 획득조건 | C1: 스킬가격 | D1: 스킬가격추가 | E1: 스킬가격곱셈 | F1: 스킬레벨 | G1: 스킬단계 | H1: 스킬번호 | J1: 스킬 뎀지 | K1: 번호 | L1: 누적비용 | N1: 아이디 | O1: 스킬번호 | P1: 이름 | Q1: 설명1 | R1: 기본값 | S1: 상승값 | T1: 사거리/지속시간 | U1: 마리수 | V1: 대기시간 | W1: 타격횟수
A2: 1 | B2: 15 | C2: 850 | D2: 1 | E2: 2 | F2: =INT((A2-1)/5)+2 -> 2 | G2: =INT((A2-1)/25)+1 -> 1 | H2: =MOD(A2-1, 5) -> 0 | I2: =_xlfn.TEXTJOIN("", TRUE, TEXT(G2,"0"), TEXT(H2,"0")) -> 10 | J2: =VLOOKUP(I2, O$2:W$26, 4, FALSE)+VLOOKUP(I2, O$2:W$26, 5, FALSE)*(F2-1) -> 660 | L2: 850 | O2: 10 | P2: 폭염참 | Q2: 강력한 한 번의 공격으로 적을 격파하는 스킬. | R2: 600 | S2: 60 | T2: 1.7 | U2: 1 | V2: 7 | W2: 1
A3: 2 | B3: 30 | C3: 3315 | D3: 1 | E3: 2 | F3: =INT((A3-1)/5)+2 -> 2 | G3: =INT((A3-1)/25)+1 -> 1 | H3: =MOD(A3-1, 5) -> 1 | I3: =_xlfn.TEXTJOIN("", TRUE, TEXT(G3,"0"), TEXT(H3,"0")) -> 11 | J3: =VLOOKUP(I3, O$2:W$26, 4, FALSE)+VLOOKUP(I3, O$2:W$26, 5, FALSE)*(F3-1) -> 550 | L3: =C3+L2 -> 4165 | O3: 11 | P3: 대지분쇄 | Q3: 강력한 힘으로 대상을 완전히 파괴하거나 파쇄하는 스킬. | R3: 500 | S3: 50 | T3: 2.5 | U3: 2 | V3: 12 | W3: 1
A4: 3 | B4: 45 | C4: 7757 | D4: 1 | E4: 2 | F4: =INT((A4-1)/5)+2 -> 2 | G4: =INT((A4-1)/25)+1 -> 1 | H4: =MOD(A4-1, 5) -> 2 | I4: =_xlfn.TEXTJOIN("", TRUE, TEXT(G4,"0"), TEXT(H4,"0")) -> 12 | J4: =VLOOKUP(I4, O$2:W$26, 4, FALSE)+VLOOKUP(I4, O$2:W$26, 5, FALSE)*(F4-1) -> 495 | L4: =C4+L3 -> 11922 | O4: 12 | P4: 화룡염탄 | Q4: 불꽃과 열기를 발산하여 지면을 흩뿌리며 폭발적인 염탄을 날리는 스킬. | R4: 450 | S4: 45 | T4: 3 | U4: 3 | V4: 15 | W4: 1
A5: 4 | B5: 60 | C5: 14149 | D5: 1 | E5: 2 | F5: =INT((A5-1)/5)+2 -> 2 | G5: =INT((A5-1)/25)+1 -> 1 | H5: =MOD(A5-1, 5) -> 3 | I5: =_xlfn.TEXTJOIN("", TRUE, TEXT(G5,"0"), TEXT(H5,"0")) -> 13 | J5: =VLOOKUP(I5, O$2:W$26, 4, FALSE)+VLOOKUP(I5, O$2:W$26, 5, FALSE)*(F5-1) -> 440 | L5: =C5+L4 -> 26071 | O5: 13 | P5: 흑운베기 | Q5: 어둠과 구름이 얽힌 검을 휘둘러 칼날 그림자가 퍼져나가 베어버리는 스킬. | R5: 400 | S5: 40 | T5: 4 | U5: 4 | V5: 18 | W5: 1
A6: 5 | B6: 75 | C6: 22490 | D6: 1 | E6: 2 | F6: =INT((A6-1)/5)+2 -> 2 | G6: =INT((A6-1)/25)+1 -> 1 | H6: =MOD(A6-1, 5) -> 4 | I6: =_xlfn.TEXTJOIN("", TRUE, TEXT(G6,"0"), TEXT(H6,"0")) -> 14 | J6: =VLOOKUP(I6, O$2:W$26, 4, FALSE)+VLOOKUP(I6, O$2:W$26, 5, FALSE)*(F6-1) -> 155 | L6: =C6+L5 -> 48561 | O6: 14 | P6: 핏빛포효 | Q6: 전투의 피로 물든 강한 포효로 일정 시간 기본공격을 상승시키는 버프 스킬. | R6: 150 | S6: 5 | T6: 10 | U6: 0 | V6: 20 | W6: 0
A7: 6 | B7: 120 | C7: 58208 | D7: 1 | E7: 3 | F7: =INT((A7-1)/5)+2 -> 3 | G7: =INT((A7-1)/25)+1 -> 1 | H7: =MOD(A7-1, 5) -> 0 | I7: =_xlfn.TEXTJOIN("", TRUE, TEXT(G7,"0"), TEXT(H7,"0")) -> 10 | J7: =VLOOKUP(I7, O$2:W$26, 4, FALSE)+VLOOKUP(I7, O$2:W$26, 5, FALSE)*(F7-1) -> 720 | L7: =C7+L6 -> 106769 | O7: 20 | P7: 유령검참 | Q7: 보라색 그림자가 유령처럼 등장하며 날카로운 베기로 공격하는 스킬. | R7: 1200 | S7: 120 | T7: 1.7 | U7: 1 | V7: 7 | W7: 1
A8: 7 | B8: 140 | C8: 79991 | D8: 1 | E8: 3 | F8: =INT((A8-1)/5)+2 -> 3 | G8: =INT((A8-1)/25)+1 -> 1 | H8: =MOD(A8-1, 5) -> 1 | I8: =_xlfn.TEXTJOIN("", TRUE, TEXT(G8,"0"), TEXT(H8,"0")) -> 11 | J8: =VLOOKUP(I8, O$2:W$26, 4, FALSE)+VLOOKUP(I8, O$2:W$26, 5, FALSE)*(F8-1) -> 600 | L8: =C8+L7 -> 186760 | O8: 21 | P8: 천둥선고 | Q8: 하늘에서 번개가 내리치며 강력한 전격을 발사하는 스킬. | R8: 1000 | S8: 100 | T8: 2.5 | U8: 2 | V8: 12 | W8: 1
A9: 8 | B9: 160 | C9: 105240 | D9: 1 | E9: 3 | F9: =INT((A9-1)/5)+2 -> 3 | G9: =INT((A9-1)/25)+1 -> 1 | H9: =MOD(A9-1, 5) -> 2 | I9: =_xlfn.TEXTJOIN("", TRUE, TEXT(G9,"0"), TEXT(H9,"0")) -> 12 | J9: =VLOOKUP(I9, O$2:W$26, 4, FALSE)+VLOOKUP(I9, O$2:W$26, 5, FALSE)*(F9-1) -> 540 | L9: =C9+L8 -> 292000 | O9: 22 | P9: 핏빛폭섬 | Q9: 핏빛으로 물든 파동이 일어나 적을 휘감으며 타격하는 스킬. | R9: 900 | S9: 90 | T9: 3 | U9: 3 | V9: 15 | W9: 1
A10: 9 | B10: 180 | C10: 133955 | D10: 1 | E10: 3 | F10: =INT((A10-1)/5)+2 -> 3 | G10: =INT((A10-1)/25)+1 -> 1 | H10: =MOD(A10-1, 5) -> 3 | I10: =_xlfn.TEXTJOIN("", TRUE, TEXT(G10,"0"), TEXT(H10,"0")) -> 13 | J10: =VLOOKUP(I10, O$2:W$26, 4, FALSE)+VLOOKUP(I10, O$2:W$26, 5, FALSE)*(F10-1) -> 480 | L10: =C10+L9 -> 425955 | O10: 23 | P10: 푸른마귀 | Q10: 푸른색의 마력으로 가득찬 그림자가 적을 둘러싸며 공격하는 스킬. | R10: 800 | S10: 80 | T10: 4 | U10: 4 | V10: 18 | W10: 1
A11: 10 | B11: 200 | C11: 166137 | D11: 1 | E11: 3 | F11: =INT((A11-1)/5)+2 -> 3 | G11: =INT((A11-1)/25)+1 -> 1 | H11: =MOD(A11-1, 5) -> 4 | I11: =_xlfn.TEXTJOIN("", TRUE, TEXT(G11,"0"), TEXT(H11,"0")) -> 14 | J11: =VLOOKUP(I11, O$2:W$26, 4, FALSE)+VLOOKUP(I11, O$2:W$26, 5, FALSE)*(F11-1) -> 160 | L11: =C11+L10 -> 592092 | O11: 24 | P11: 화염갑주 | Q11: 온 몸을 화염으로 강화해 일정 시간 기본공격을 상승시키는 버프 스킬. | R11: 180 | S11: 10 | T11: 10 | U11: 0 | V11: 20 | W11: 0
A12: 11 | B12: 230 | C12: 220911 | D12: 1 | E12: 4 | F12: =INT((A12-1)/5)+2 -> 4 | G12: =INT((A12-1)/25)+1 -> 1 | H12: =MOD(A12-1, 5) -> 0 | I12: =_xlfn.TEXTJOIN("", TRUE, TEXT(G12,"0"), TEXT(H12,"0")) -> 10 | J12: =VLOOKUP(I12, O$2:W$26, 4, FALSE)+VLOOKUP(I12, O$2:W$26, 5, FALSE)*(F12-1) -> 780 | L12: =C12+L11 -> 813003 | O12: 30 | P12: 영혼찢기 | Q12: 검의 힘으로 상대의 영혼을 찢어내어 피해를 입히는 스킬. | R12: 2400 | S12: 240 | T12: 1.7 | U12: 1 | V12: 7 | W12: 1
A13: 12 | B13: 260 | C13: 283484 | D13: 1 | E13: 4 | F13: =INT((A13-1)/5)+2 -> 4 | G13: =INT((A13-1)/25)+1 -> 1 | H13: =MOD(A13-1, 5) -> 1 | I13: =_xlfn.TEXTJOIN("", TRUE, TEXT(G13,"0"), TEXT(H13,"0")) -> 11 | J13: =VLOOKUP(I13, O$2:W$26, 4, FALSE)+VLOOKUP(I13, O$2:W$26, 5, FALSE)*(F13-1) -> 650 | L13: =C13+L12 -> 1096487 | O13: 31 | P13: 태양의공명 | Q13: 태양의 힘이 폭발하여 높은 공기압과 온도로 주변을 태워버리는 스킬. | R13: 2000 | S13: 200 | T13: 2.5 | U13: 2 | V13: 12 | W13: 1
A14: 13 | B14: 290 | C14: 353857 | D14: 1 | E14: 4 | F14: =INT((A14-1)/5)+2 -> 4 | G14: =INT((A14-1)/25)+1 -> 1 | H14: =MOD(A14-1, 5) -> 2 | I14: =_xlfn.TEXTJOIN("", TRUE, TEXT(G14,"0"), TEXT(H14,"0")) -> 12 | J14: =VLOOKUP(I14, O$2:W$26, 4, FALSE)+VLOOKUP(I14, O$2:W$26, 5, FALSE)*(F14-1) -> 585 | L14: =C14+L13 -> 1450344 | O14: 32 | P14: 화염낙엽 | Q14: 화염이 마치 낙엽처럼 떨어져 화려하게 펼쳐지며 주변을 태워버리는 스킬. | R14: 1800 | S14: 180 | T14: 3 | U14: 3 | V14: 15 | W14: 1
... A25: 24 | B25: 750 | C25: 2409648 | D25: 1 | E25: 5 | F25: =INT((A25-1)/5)+2 -> 6 | G25: =INT((A25-1)/25)+1 -> 1 | H25: =MOD(A25-1, 5) -> 3 | I25: =_xlfn.TEXTJOIN("", TRUE, TEXT(G25,"0"), TEXT(H25,"0")) -> 13 | J25: =VLOOKUP(I25, O$2:W$26, 4, FALSE)+VLOOKUP(I25, O$2:W$26, 5, FALSE)*(F25-1) -> 600 | L25: =C25+L24 -> 15020726 | O25: 53 | P25: 검은망령 | Q25: 검은 망령이 소환되어 주변 적을 쓸어버리며 무자비하게 공격하는 스킬. | R25: 6400 | S25: 640 | T25: 4 | U25: 4 | V25: 18 | W25: 1
A26: 25 | B26: 800 | C26: 2743604 | D26: 1 | E26: 5 | F26: =INT((A26-1)/5)+2 -> 6 | G26: =INT((A26-1)/25)+1 -> 1 | H26: =MOD(A26-1, 5) -> 4 | I26: =_xlfn.TEXTJOIN("", TRUE, TEXT(G26,"0"), TEXT(H26,"0")) -> 14 | J26: =VLOOKUP(I26, O$2:W$26, 4, FALSE)+VLOOKUP(I26, O$2:W$26, 5, FALSE)*(F26-1) -> 175 | L26: =C26+L25 -> 17764330 | O26: =TEXT(54, "0") -> 54 | P26: 절대권력 | Q26: 피바람 속 눈동자의 강력한 힘으로 일정시간 기본공격을 상승시키는 버프 스킬. | R26: 500 | S26: 25 | T26: 10 | U26: 0 | V26: 20 | W26: 0
A27: 26 | B27: 860 | C27: 3172951 | D27: 1 | E27: 5 | F27: =INT((A2-1)/5)+2 -> 2 | G27: =INT((A27-1)/25)+1 -> 2 | H27: =MOD(A27-1, 5) -> 0 | I27: =_xlfn.TEXTJOIN("", TRUE, TEXT(G27,"0"), TEXT(H27,"0")) -> 20 | J27: =VLOOKUP(I27, O$2:W$26, 4, FALSE)+VLOOKUP(I27, O$2:W$26, 5, FALSE)*(F27-1) -> 1320 | L27: =C27+L26 -> 20937281
A28: 27 | B28: 920 | C28: 3633498 | D28: 1 | E28: 5 | F28: =INT((A3-1)/5)+2 -> 2 | G28: =INT((A28-1)/25)+1 -> 2 | H28: =MOD(A28-1, 5) -> 1 | I28: =_xlfn.TEXTJOIN("", TRUE, TEXT(G28,"0"), TEXT(H28,"0")) -> 21 | J28: =VLOOKUP(I28, O$2:W$26, 4, FALSE)+VLOOKUP(I28, O$2:W$26, 5, FALSE)*(F28-1) -> 1100 | L28: =C28+L27 -> 24570779
A29: 28 | B29: 980 | C29: 4125244 | D29: 1 | E29: 5 | F29: =INT((A4-1)/5)+2 -> 2 | G29: =INT((A29-1)/25)+1 -> 2 | H29: =MOD(A29-1, 5) -> 2 | I29: =_xlfn.TEXTJOIN("", TRUE, TEXT(G29,"0"), TEXT(H29,"0")) -> 22 | J29: =VLOOKUP(I29, O$2:W$26, 4, FALSE)+VLOOKUP(I29, O$2:W$26, 5, FALSE)*(F29-1) -> 990 | L29: =C29+L28 -> 28696023
A30: 29 | B30: 1040 | C30: 4648191 | D30: 1 | E30: 5 | F30: =INT((A5-1)/5)+2 -> 2 | G30: =INT((A30-1)/25)+1 -> 2 | H30: =MOD(A30-1, 5) -> 3 | I30: =_xlfn.TEXTJOIN("", TRUE, TEXT(G30,"0"), TEXT(H30,"0")) -> 23 | J30: =VLOOKUP(I30, O$2:W$26, 4, FALSE)+VLOOKUP(I30, O$2:W$26, 5, FALSE)*(F30-1) -> 880 | L30: =C30+L29 -> 33344214
A31: 30 | B31: 1100 | C31: 5202338 | D31: 1 | E31: 5 | F31: =INT((A6-1)/5)+2 -> 2 | G31: =INT((A31-1)/25)+1 -> 2 | H31: =MOD(A31-1, 5) -> 4 | I31: =_xlfn.TEXTJOIN("", TRUE, TEXT(G31,"0"), TEXT(H31,"0")) -> 24 | J31: =VLOOKUP(I31, O$2:W$26, 4, FALSE)+VLOOKUP(I31, O$2:W$26, 5, FALSE)*(F31-1) -> 190 | L31: =C31+L30 -> 38546552
A32: 31 | B32: 1170 | C32: 5888276 | D32: 1 | E32: 5 | F32: =INT((A7-1)/5)+2 -> 3 | G32: =INT((A32-1)/25)+1 -> 2 | H32: =MOD(A32-1, 5) -> 0 | I32: =_xlfn.TEXTJOIN("", TRUE, TEXT(G32,"0"), TEXT(H32,"0")) -> 20 | J32: =VLOOKUP(I32, O$2:W$26, 4, FALSE)+VLOOKUP(I32, O$2:W$26, 5, FALSE)*(F32-1) -> 1440 | L32: =C32+L31 -> 44434828
A33: 32 | B33: 1240 | C33: 6616680 | D33: 1 | E33: 5 | F33: =INT((A8-1)/5)+2 -> 3 | G33: =INT((A33-1)/25)+1 -> 2 | H33: =MOD(A33-1, 5) -> 1 | I33: =_xlfn.TEXTJOIN("", TRUE, TEXT(G33,"0"), TEXT(H33,"0")) -> 21 | J33: =VLOOKUP(I33, O$2:W$26, 4, FALSE)+VLOOKUP(I33, O$2:W$26, 5, FALSE)*(F33-1) -> 1200 | L33: =C33+L32 -> 51051508
A34: 33 | B34: 1310 | C34: 7387551 | D34: 1 | E34: 5 | F34: =INT((A9-1)/5)+2 -> 3 | G34: =INT((A34-1)/25)+1 -> 2 | H34: =MOD(A34-1, 5) -> 2 | I34: =_xlfn.TEXTJOIN("", TRUE, TEXT(G34,"0"), TEXT(H34,"0")) -> 22 | J34: =VLOOKUP(I34, O$2:W$26, 4, FALSE)+VLOOKUP(I34, O$2:W$26, 5, FALSE)*(F34-1) -> 1080 | L34: =C34+L33 -> 58439059
A35: 34 | B35: 1380 | C35: 8200889 | D35: 1 | E35: 5 | F35: =INT((A10-1)/5)+2 -> 3 | G35: =INT((A35-1)/25)+1 -> 2 | H35: =MOD(A35-1, 5) -> 3 | I35: =_xlfn.TEXTJOIN("", TRUE, TEXT(G35,"0"), TEXT(H35,"0")) -> 23 | J35: =VLOOKUP(I35, O$2:W$26, 4, FALSE)+VLOOKUP(I35, O$2:W$26, 5, FALSE)*(F35-1) -> 960 | L35: =C35+L34 -> 66639948
A36: 35 | B36: 1450 | C36: 9056694 | D36: 1 | E36: 5 | F36: =INT((A11-1)/5)+2 -> 3 | G36: =INT((A36-1)/25)+1 -> 2 | H36: =MOD(A36-1, 5) -> 4 | I36: =_xlfn.TEXTJOIN("", TRUE, TEXT(G36,"0"), TEXT(H36,"0")) -> 24 | J36: =VLOOKUP(I36, O$2:W$26, 4, FALSE)+VLOOKUP(I36, O$2:W$26, 5, FALSE)*(F36-1) -> 200 | L36: =C36+L35 -> 75696642
A37: 36 | B37: 1530 | C37: 10086756 | D37: 1 | E37: 5 | F37: =INT((A12-1)/5)+2 -> 4 | G37: =INT((A37-1)/25)+1 -> 2 | H37: =MOD(A37-1, 5) -> 0 | I37: =_xlfn.TEXTJOIN("", TRUE, TEXT(G37,"0"), TEXT(H37,"0")) -> 20 | J37: =VLOOKUP(I37, O$2:W$26, 4, FALSE)+VLOOKUP(I37, O$2:W$26, 5, FALSE)*(F37-1) -> 1560 | L37: =C37+L36 -> 85783398
A38: 37 | B38: 1610 | C38: 11172285 | D38: 1 | E38: 5 | F38: =INT((A13-1)/5)+2 -> 4 | G38: =INT((A38-1)/25)+1 -> 2 | H38: =MOD(A38-1, 5) -> 1 | I38: =_xlfn.TEXTJOIN("", TRUE, TEXT(G38,"0"), TEXT(H38,"0")) -> 21 | J38: =VLOOKUP(I38, O$2:W$26, 4, FALSE)+VLOOKUP(I38, O$2:W$26, 5, FALSE)*(F38-1) -> 1300 | L38: =C38+L37 -> 96955683
... A51: 50 | B51: 2800 | C51: 33868497 | D51: 1 | E51: 5 | F51: =INT((A26-1)/5)+2 -> 6 | G51: =INT((A51-1)/25)+1 -> 2 | H51: =MOD(A51-1, 5) -> 4 | I51: =_xlfn.TEXTJOIN("", TRUE, TEXT(G51,"0"), TEXT(H51,"0")) -> 24 | J51: =VLOOKUP(I51, O$2:W$26, 4, FALSE)+VLOOKUP(I51, O$2:W$26, 5, FALSE)*(F51-1) -> 230 | L51: =C51+L50 -> 381286906
A52: 51 | B52: 2910 | C52: 36586131 | D52: 1 | E52: 5 | F52: =INT((A2-1)/5)+2 -> 2 | G52: =INT((A52-1)/25)+1 -> 3 | H52: =MOD(A52-1, 5) -> 0 | I52: =_xlfn.TEXTJOIN("", TRUE, TEXT(G52,"0"), TEXT(H52,"0")) -> 30 | J52: =VLOOKUP(I52, O$2:W$26, 4, FALSE)+VLOOKUP(I52, O$2:W$26, 5, FALSE)*(F52-1) -> 2640 | L52: =C52+L51 -> 417873037
A53: 52 | B53: 3020 | C53: 39408635 | D53: 1 | E53: 5 | F53: =INT((A3-1)/5)+2 -> 2 | G53: =INT((A53-1)/25)+1 -> 3 | H53: =MOD(A53-1, 5) -> 1 | I53: =_xlfn.TEXTJOIN("", TRUE, TEXT(G53,"0"), TEXT(H53,"0")) -> 31 | J53: =VLOOKUP(I53, O$2:W$26, 4, FALSE)+VLOOKUP(I53, O$2:W$26, 5, FALSE)*(F53-1) -> 2200 | L53: =C53+L52 -> 457281672
A54: 53 | B54: 3130 | C54: 42336005 | D54: 1 | E54: 5 | F54: =INT((A4-1)/5)+2 -> 2 | G54: =INT((A54-1)/25)+1 -> 3 | H54: =MOD(A54-1, 5) -> 2 | I54: =_xlfn.TEXTJOIN("", TRUE, TEXT(G54,"0"), TEXT(H54,"0")) -> 32 | J54: =VLOOKUP(I54, O$2:W$26, 4, FALSE)+VLOOKUP(I54, O$2:W$26, 5, FALSE)*(F54-1) -> 1980 | L54: =C54+L53 -> 499617677
A55: 54 | B55: 3240 | C55: 45368239 | D55: 1 | E55: 5 | F55: =INT((A5-1)/5)+2 -> 2 | G55: =INT((A55-1)/25)+1 -> 3 | H55: =MOD(A55-1, 5) -> 3 | I55: =_xlfn.TEXTJOIN("", TRUE, TEXT(G55,"0"), TEXT(H55,"0")) -> 33 | J55: =VLOOKUP(I55, O$2:W$26, 4, FALSE)+VLOOKUP(I55, O$2:W$26, 5, FALSE)*(F55-1) -> 1760 | L55: =C55+L54 -> 544985916
A56: 55 | B56: 3350 | C56: 48505343 | D56: 1 | E56: 5 | F56: =INT((A6-1)/5)+2 -> 2 | G56: =INT((A56-1)/25)+1 -> 3 | H56: =MOD(A56-1, 5) -> 4 | I56: =_xlfn.TEXTJOIN("", TRUE, TEXT(G56,"0"), TEXT(H56,"0")) -> 34 | J56: =VLOOKUP(I56, O$2:W$26, 4, FALSE)+VLOOKUP(I56, O$2:W$26, 5, FALSE)*(F56-1) -> 265 | L56: =C56+L55 -> 593491259
A57: 56 | B57: 3470 | C57: 52047239 | D57: 1 | E57: 5 | F57: =INT((A7-1)/5)+2 -> 3 | G57: =INT((A57-1)/25)+1 -> 3 | H57: =MOD(A57-1, 5) -> 0 | I57: =_xlfn.TEXTJOIN("", TRUE, TEXT(G57,"0"), TEXT(H57,"0")) -> 30 | J57: =VLOOKUP(I57, O$2:W$26, 4, FALSE)+VLOOKUP(I57, O$2:W$26, 5, FALSE)*(F57-1) -> 2880 | L57: =C57+L56 -> 645538498
A58: 57 | B58: 3590 | C58: 55713934 | D58: 1 | E58: 5 | F58: =INT((A8-1)/5)+2 -> 3 | G58: =INT((A58-1)/25)+1 -> 3 | H58: =MOD(A58-1, 5) -> 1 | I58: =_xlfn.TEXTJOIN("", TRUE, TEXT(G58,"0"), TEXT(H58,"0")) -> 31 | J58: =VLOOKUP(I58, O$2:W$26, 4, FALSE)+VLOOKUP(I58, O$2:W$26, 5, FALSE)*(F58-1) -> 2400 | L58: =C58+L57 -> 701252432
A59: 58 | B59: 3710 | C59: 59505424 | D59: 1 | E59: 5 | F59: =INT((A9-1)/5)+2 -> 3 | G59: =INT((A59-1)/25)+1 -> 3 | H59: =MOD(A59-1, 5) -> 2 | I59: =_xlfn.TEXTJOIN("", TRUE, TEXT(G59,"0"), TEXT(H59,"0")) -> 32 | J59: =VLOOKUP(I59, O$2:W$26, 4, FALSE)+VLOOKUP(I59, O$2:W$26, 5, FALSE)*(F59-1) -> 2160 | L59: =C59+L58 -> 760757856
A60: 59 | B60: 3830 | C60: 63421719 | D60: 1 | E60: 5 | F60: =INT((A10-1)/5)+2 -> 3 | G60: =INT((A60-1)/25)+1 -> 3 | H60: =MOD(A60-1, 5) -> 3 | I60: =_xlfn.TEXTJOIN("", TRUE, TEXT(G60,"0"), TEXT(H60,"0")) -> 33 | J60: =VLOOKUP(I60, O$2:W$26, 4, FALSE)+VLOOKUP(I60, O$2:W$26, 5, FALSE)*(F60-1) -> 1920 | L60: =C60+L59 -> 824179575
A61: 60 | B61: 3950 | C61: 67462815 | D61: 1 | E61: 5 | F61: =INT((A11-1)/5)+2 -> 3 | G61: =INT((A61-1)/25)+1 -> 3 | H61: =MOD(A61-1, 5) -> 4 | I61: =_xlfn.TEXTJOIN("", TRUE, TEXT(G61,"0"), TEXT(H61,"0")) -> 34 | J61: =VLOOKUP(I61, O$2:W$26, 4, FALSE)+VLOOKUP(I61, O$2:W$26, 5, FALSE)*(F61-1) -> 280 | L61: =C61+L60 -> 891642390
A62: 61 | B62: 4080 | C62: 71981501 | D62: 1 | E62: 5 | F62: =INT((A12-1)/5)+2 -> 4 | G62: =INT((A62-1)/25)+1 -> 3 | H62: =MOD(A62-1, 5) -> 0 | I62: =_xlfn.TEXTJOIN("", TRUE, TEXT(G62,"0"), TEXT(H62,"0")) -> 30 | J62: =VLOOKUP(I62, O$2:W$26, 4, FALSE)+VLOOKUP(I62, O$2:W$26, 5, FALSE)*(F62-1) -> 3120 | L62: =C62+L61 -> 963623891
A63: 62 | B63: 4210 | C63: 76646652 | D63: 1 | E63: 5 | F63: =INT((A13-1)/5)+2 -> 4 | G63: =INT((A63-1)/25)+1 -> 3 | H63: =MOD(A63-1, 5) -> 1 | I63: =_xlfn.TEXTJOIN("", TRUE, TEXT(G63,"0"), TEXT(H63,"0")) -> 31 | J63: =VLOOKUP(I63, O$2:W$26, 4, FALSE)+VLOOKUP(I63, O$2:W$26, 5, FALSE)*(F63-1) -> 2600 | L63: =C63+L62 -> 1040270543
... A76: 75 | B76: 6050 | C76: 158383959 | D76: 1 | E76: 5 | F76: =INT((A26-1)/5)+2 -> 6 | G76: =INT((A76-1)/25)+1 -> 3 | H76: =MOD(A76-1, 5) -> 4 | I76: =_xlfn.TEXTJOIN("", TRUE, TEXT(G76,"0"), TEXT(H76,"0")) -> 34 | J76: =VLOOKUP(I76, O$2:W$26, 4, FALSE)+VLOOKUP(I76, O$2:W$26, 5, FALSE)*(F76-1) -> 325 | L76: =C76+L75 -> 2561834204
A77: 76 | B77: 6220 | C77: 167416473 | D77: 1 | E77: 5 | F77: =INT((A2-1)/5)+2 -> 2 | G77: =INT((A77-1)/25)+1 -> 4 | H77: =MOD(A77-1, 5) -> 0 | I77: =_xlfn.TEXTJOIN("", TRUE, TEXT(G77,"0"), TEXT(H77,"0")) -> 40 | J77: =VLOOKUP(I77, O$2:W$26, 4, FALSE)+VLOOKUP(I77, O$2:W$26, 5, FALSE)*(F77-1) -> 5280 | L77: =C77+L76 -> 2729250677
A78: 77 | B78: 6390 | C78: 176699464 | D78: 1 | E78: 5 | F78: =INT((A3-1)/5)+2 -> 2 | G78: =INT((A78-1)/25)+1 -> 4 | H78: =MOD(A78-1, 5) -> 1 | I78: =_xlfn.TEXTJOIN("", TRUE, TEXT(G78,"0"), TEXT(H78,"0")) -> 41 | J78: =VLOOKUP(I78, O$2:W$26, 4, FALSE)+VLOOKUP(I78, O$2:W$26, 5, FALSE)*(F78-1) -> 4400 | L78: =C78+L77 -> 2905950141
A79: 78 | B79: 6560 | C79: 186232907 | D79: 1 | E79: 5 | F79: =INT((A4-1)/5)+2 -> 2 | G79: =INT((A79-1)/25)+1 -> 4 | H79: =MOD(A79-1, 5) -> 2 | I79: =_xlfn.TEXTJOIN("", TRUE, TEXT(G79,"0"), TEXT(H79,"0")) -> 42 | J79: =VLOOKUP(I79, O$2:W$26, 4, FALSE)+VLOOKUP(I79, O$2:W$26, 5, FALSE)*(F79-1) -> 3960 | L79: =C79+L78 -> 3092183048
A80: 79 | B80: 6730 | C80: 196016828 | D80: 1 | E80: 5 | F80: =INT((A5-1)/5)+2 -> 2 | G80: =INT((A80-1)/25)+1 -> 4 | H80: =MOD(A80-1, 5) -> 3 | I80: =_xlfn.TEXTJOIN("", TRUE, TEXT(G80,"0"), TEXT(H80,"0")) -> 43 | J80: =VLOOKUP(I80, O$2:W$26, 4, FALSE)+VLOOKUP(I80, O$2:W$26, 5, FALSE)*(F80-1) -> 3520 | L80: =C80+L79 -> 3288199876
A81: 80 | B81: 6900 | C81: 206051212 | D81: 1 | E81: 5 | F81: =INT((A6-1)/5)+2 -> 2 | G81: =INT((A81-1)/25)+1 -> 4 | H81: =MOD(A81-1, 5) -> 4 | I81: =_xlfn.TEXTJOIN("", TRUE, TEXT(G81,"0"), TEXT(H81,"0")) -> 44 | J81: =VLOOKUP(I81, O$2:W$26, 4, FALSE)+VLOOKUP(I81, O$2:W$26, 5, FALSE)*(F81-1) -> 370 | L81: =C81+L80 -> 3494251088
A82: 81 | B82: 7090 | C82: 217562508 | D82: 1 | E82: 5 | F82: =INT((A7-1)/5)+2 -> 3 | G82: =INT((A82-1)/25)+1 -> 4 | H82: =MOD(A82-1, 5) -> 0 | I82: =_xlfn.TEXTJOIN("", TRUE, TEXT(G82,"0"), TEXT(H82,"0")) -> 40 | J82: =VLOOKUP(I82, O$2:W$26, 4, FALSE)+VLOOKUP(I82, O$2:W$26, 5, FALSE)*(F82-1) -> 5760 | L82: =C82+L81 -> 3711813596
A83: 82 | B83: 7280 | C83: 229386669 | D83: 1 | E83: 5 | F83: =INT((A8-1)/5)+2 -> 3 | G83: =INT((A83-1)/25)+1 -> 4 | H83: =MOD(A83-1, 5) -> 1 | I83: =_xlfn.TEXTJOIN("", TRUE, TEXT(G83,"0"), TEXT(H83,"0")) -> 41 | J83: =VLOOKUP(I83, O$2:W$26, 4, FALSE)+VLOOKUP(I83, O$2:W$26, 5, FALSE)*(F83-1) -> 4800 | L83: =C83+L82 -> 3941200265
A84: 83 | B84: 7470 | C84: 241523706 | D84: 1 | E84: 5 | F84: =INT((A9-1)/5)+2 -> 3 | G84: =INT((A84-1)/25)+1 -> 4 | H84: =MOD(A84-1, 5) -> 2 | I84: =_xlfn.TEXTJOIN("", TRUE, TEXT(G84,"0"), TEXT(H84,"0")) -> 42 | J84: =VLOOKUP(I84, O$2:W$26, 4, FALSE)+VLOOKUP(I84, O$2:W$26, 5, FALSE)*(F84-1) -> 4320 | L84: =C84+L83 -> 4182723971
A85: 84 | B85: 7660 | C85: 253973608 | D85: 1 | E85: 5 | F85: =INT((A10-1)/5)+2 -> 3 | G85: =INT((A85-1)/25)+1 -> 4 | H85: =MOD(A85-1, 5) -> 3 | I85: =_xlfn.TEXTJOIN("", TRUE, TEXT(G85,"0"), TEXT(H85,"0")) -> 43 | J85: =VLOOKUP(I85, O$2:W$26, 4, FALSE)+VLOOKUP(I85, O$2:W$26, 5, FALSE)*(F85-1) -> 3840 | L85: =C85+L84 -> 4436697579
A86: 85 | B86: 7850 | C86: 266736374 | D86: 1 | E86: 5 | F86: =INT((A11-1)/5)+2 -> 3 | G86: =INT((A86-1)/25)+1 -> 4 | H86: =MOD(A86-1, 5) -> 4 | I86: =_xlfn.TEXTJOIN("", TRUE, TEXT(G86,"0"), TEXT(H86,"0")) -> 44 | J86: =VLOOKUP(I86, O$2:W$26, 4, FALSE)+VLOOKUP(I86, O$2:W$26, 5, FALSE)*(F86-1) -> 390 | L86: =C86+L85 -> 4703433953
A87: 86 | B87: 8060 | C87: 281206581 | D87: 1 | E87: 5 | F87: =INT((A12-1)/5)+2 -> 4 | G87: =INT((A87-1)/25)+1 -> 4 | H87: =MOD(A87-1, 5) -> 0 | I87: =_xlfn.TEXTJOIN("", TRUE, TEXT(G87,"0"), TEXT(H87,"0")) -> 40 | J87: =VLOOKUP(I87, O$2:W$26, 4, FALSE)+VLOOKUP(I87, O$2:W$26, 5, FALSE)*(F87-1) -> 6240 | L87: =C87+L86 -> 4984640534
A88: 87 | B88: 8270 | C88: 296058993 | D88: 1 | E88: 5 | F88: =INT((A13-1)/5)+2 -> 4 | G88: =INT((A88-1)/25)+1 -> 4 | H88: =MOD(A88-1, 5) -> 1 | I88: =_xlfn.TEXTJOIN("", TRUE, TEXT(G88,"0"), TEXT(H88,"0")) -> 41 | J88: =VLOOKUP(I88, O$2:W$26, 4, FALSE)+VLOOKUP(I88, O$2:W$26, 5, FALSE)*(F88-1) -> 5200 | L88: =C88+L87 -> 5280699527
... A101: 100 | B101: 11300 | C101: 552899308 | D101: 1 | E101: 5 | F101: =INT((A26-1)/5)+2 -> 6 | G101: =INT((A101-1)/25)+1 -> 4 | H101: =MOD(A101-1, 5) -> 4 | I101: =_xlfn.TEXTJOIN("", TRUE, TEXT(G101,"0"), TEXT(H101,"0")) -> 44 | J101: =VLOOKUP(I101, O$2:W$26, 4, FALSE)+VLOOKUP(I101, O$2:W$26, 5, FALSE)*(F101-1) -> 450 | L101: =C101+L100 -> 10782907884
A102: 101 | B102: 11580 | C102: 580649888 | D102: 1 | E102: 5 | F102: =INT((A2-1)/5)+2 -> 2 | G102: =INT((A102-1)/25)+1 -> 5 | H102: =MOD(A102-1, 5) -> 0 | I102: =_xlfn.TEXTJOIN("", TRUE, TEXT(G102,"0"), TEXT(H102,"0")) -> 50 | L102: =C102+L101 -> 11363557772
A103: 102 | B103: 11860 | C103: 609079950 | D103: 1 | E103: 5 | F103: =INT((A3-1)/5)+2 -> 2 | G103: =INT((A103-1)/25)+1 -> 5 | H103: =MOD(A103-1, 5) -> 1 | I103: =_xlfn.TEXTJOIN("", TRUE, TEXT(G103,"0"), TEXT(H103,"0")) -> 51 | J103: =VLOOKUP(I103, O$2:W$26, 4, FALSE)+VLOOKUP(I103, O$2:W$26, 5, FALSE)*(F103-1) -> 8800 | L103: =C103+L102 -> 11972637722
A104: 103 | B104: 12140 | C104: 638189446 | D104: 1 | E104: 5 | F104: =INT((A4-1)/5)+2 -> 2 | G104: =INT((A104-1)/25)+1 -> 5 | H104: =MOD(A104-1, 5) -> 2 | I104: =_xlfn.TEXTJOIN("", TRUE, TEXT(G104,"0"), TEXT(H104,"0")) -> 52 | J104: =VLOOKUP(I104, O$2:W$26, 4, FALSE)+VLOOKUP(I104, O$2:W$26, 5, FALSE)*(F104-1) -> 7920 | L104: =C104+L103 -> 12610827168
A105: 104 | B105: 12420 | C105: 667978376 | D105: 1 | E105: 5 | F105: =INT((A5-1)/5)+2 -> 2 | G105: =INT((A105-1)/25)+1 -> 5 | H105: =MOD(A105-1, 5) -> 3 | I105: =_xlfn.TEXTJOIN("", TRUE, TEXT(G105,"0"), TEXT(H105,"0")) -> 53 | J105: =VLOOKUP(I105, O$2:W$26, 4, FALSE)+VLOOKUP(I105, O$2:W$26, 5, FALSE)*(F105-1) -> 7040 | L105: =C105+L104 -> 13278805544
A106: 105 | B106: 12700 | C106: 698446789 | D106: 1 | E106: 5 | F106: =INT((A6-1)/5)+2 -> 2 | G106: =INT((A106-1)/25)+1 -> 5 | H106: =MOD(A106-1, 5) -> 4 | I106: =_xlfn.TEXTJOIN("", TRUE, TEXT(G106,"0"), TEXT(H106,"0")) -> 54 | J106: =VLOOKUP(I106, O$2:W$26, 4, FALSE)+VLOOKUP(I106, O$2:W$26, 5, FALSE)*(F106-1) -> 525 | L106: =C106+L105 -> 13977252333
A107: 106 | B107: 13010 | C107: 732972283 | D107: 1 | E107: 5 | F107: =INT((A7-1)/5)+2 -> 3 | G107: =INT((A107-1)/25)+1 -> 5 | H107: =MOD(A107-1, 5) -> 0 | I107: =_xlfn.TEXTJOIN("", TRUE, TEXT(G107,"0"), TEXT(H107,"0")) -> 50 | J107: =VLOOKUP(I107, O$2:W$26, 4, FALSE)+VLOOKUP(I107, O$2:W$26, 5, FALSE)*(F107-1) -> 11520 | L107: =C107+L106 -> 14710224616
A108: 107 | B108: 13320 | C108: 768330616 | D108: 1 | E108: 5 | F108: =INT((A8-1)/5)+2 -> 3 | G108: =INT((A108-1)/25)+1 -> 5 | H108: =MOD(A108-1, 5) -> 1 | I108: =_xlfn.TEXTJOIN("", TRUE, TEXT(G108,"0"), TEXT(H108,"0")) -> 51 | J108: =VLOOKUP(I108, O$2:W$26, 4, FALSE)+VLOOKUP(I108, O$2:W$26, 5, FALSE)*(F108-1) -> 9600 | L108: =C108+L107 -> 15478555232
A109: 108 | B109: 13630 | C109: 804521789 | D109: 1 | E109: 5 | F109: =INT((A9-1)/5)+2 -> 3 | G109: =INT((A109-1)/25)+1 -> 5 | H109: =MOD(A109-1, 5) -> 2 | I109: =_xlfn.TEXTJOIN("", TRUE, TEXT(G109,"0"), TEXT(H109,"0")) -> 52 | J109: =VLOOKUP(I109, O$2:W$26, 4, FALSE)+VLOOKUP(I109, O$2:W$26, 5, FALSE)*(F109-1) -> 8640 | L109: =C109+L108 -> 16283077021
A110: 109 | B110: 13940 | C110: 841545852 | D110: 1 | E110: 5 | F110: =INT((A10-1)/5)+2 -> 3 | G110: =INT((A110-1)/25)+1 -> 5 | H110: =MOD(A110-1, 5) -> 3 | I110: =_xlfn.TEXTJOIN("", TRUE, TEXT(G110,"0"), TEXT(H110,"0")) -> 53 | J110: =VLOOKUP(I110, O$2:W$26, 4, FALSE)+VLOOKUP(I110, O$2:W$26, 5, FALSE)*(F110-1) -> 7680 | L110: =C110+L109 -> 17124622873
A111: 110 | B111: 14250 | C111: 879402804 | D111: 1 | E111: 5 | F111: =INT((A11-1)/5)+2 -> 3 | G111: =INT((A111-1)/25)+1 -> 5 | H111: =MOD(A111-1, 5) -> 4 | I111: =_xlfn.TEXTJOIN("", TRUE, TEXT(G111,"0"), TEXT(H111,"0")) -> 54 | J111: =VLOOKUP(I111, O$2:W$26, 4, FALSE)+VLOOKUP(I111, O$2:W$26, 5, FALSE)*(F111-1) -> 550 | L111: =C111+L110 -> 18004025677
A112: 111 | B112: 14590 | C112: 921880956 | D112: 1 | E112: 5 | F112: =INT((A12-1)/5)+2 -> 4 | G112: =INT((A112-1)/25)+1 -> 5 | H112: =MOD(A112-1, 5) -> 0 | I112: =_xlfn.TEXTJOIN("", TRUE, TEXT(G112,"0"), TEXT(H112,"0")) -> 50 | J112: =VLOOKUP(I112, O$2:W$26, 4, FALSE)+VLOOKUP(I112, O$2:W$26, 5, FALSE)*(F112-1) -> 12480 | L112: =C112+L111 -> 18925906633
A113: 112 | B113: 14930 | C113: 965361015 | D113: 1 | E113: 5 | F113: =INT((A13-1)/5)+2 -> 4 | G113: =INT((A113-1)/25)+1 -> 5 | H113: =MOD(A113-1, 5) -> 1 | I113: =_xlfn.TEXTJOIN("", TRUE, TEXT(G113,"0"), TEXT(H113,"0")) -> 51 | J113: =VLOOKUP(I113, O$2:W$26, 4, FALSE)+VLOOKUP(I113, O$2:W$26, 5, FALSE)*(F113-1) -> 10400 | L113: =C113+L112 -> 19891267648
A114: 113 | B114: 15270 | C114: 100984288 | D114: 10 | E114: 5 | F114: =INT((A14-1)/5)+2 -> 4 | G114: =INT((A114-1)/25)+1 -> 5 | H114: =MOD(A114-1, 5) -> 2 | I114: =_xlfn.TEXTJOIN("", TRUE, TEXT(G114,"0"), TEXT(H114,"0")) -> 52 | J114: =VLOOKUP(I114, O$2:W$26, 4, FALSE)+VLOOKUP(I114, O$2:W$26, 5, FALSE)*(F114-1) -> 9360 | L114: =C114+L113 -> 19992251936
... A126: 125 | B126: 19800 | C126: 169809703 | D126: 10 | E126: 5 | F126: =INT((A26-1)/5)+2 -> 6 | G126: =INT((A126-1)/25)+1 -> 5 | H126: =MOD(A126-1, 5) -> 4 | I126: =_xlfn.TEXTJOIN("", TRUE, TEXT(G126,"0"), TEXT(H126,"0")) -> 54 | J126: =VLOOKUP(I126, O$2:W$26, 4, FALSE)+VLOOKUP(I126, O$2:W$26, 5, FALSE)*(F126-1) -> 625 | L126: =C126+L125 -> 21621336961
H132: 7 | I132: =25/H132 -> 3.5714286 | J132: 4
H133: 12 | I133: =25/H133 -> 2.0833333 | J133: 3
H134: 15 | I134: =25/H134 -> 1.6666667 | J134: 2
H135: 18 | I135: =25/H135 -> 1.3888889 | J135: 2
H136: 20 | I136: =25/H136 -> 1.25 | J136: 20.초

Sheet 연구
A1: 연구 사용 가능 스탯 | B1: 고대 사용 가능 | C1: 고대 스탯합 | D1: 중세 사용 가능 | E1: 중세 스탯합 | F1: MAX
A2: 연구 공격력 | B2: 5 | C2: 330 | D2: 5 | E2: 670
A3: 연구 생명력 | B3: 4 | C3: 280 | D3: 4 | E3: 720 | I3: 중세
I4: 공격력
A5: 무기 보유 공격력 증폭 | B5: 3 | C5: 210 | D5: 2 | E5: 450 | J5: 고대 | K5: 중세 | L5: 고+중
A6: 무기 보유 근력 증폭 | B6: 2 | C6: 110 | D6: 2 | E6: 250 | I6: 연구 공격력 | J6: 330 | K6: 670 | L6: 1000 | M6: 6
A7: 갑옷 보유 생명력 증폭 | B7: 3 | C7: 210 | D7: 1 | E7: 450 | I7: 연구 생명력 | J7: 280 | K7: 720 | L7: 1000 | M7: 7
A8: 갑옷 보유 방어 증폭 | B8: 2 | C8: 110 | D8: 1 | E8: 250 | L8: 0 | M8: 8
I9: 무기 보유 공격력 증폭 | J9: 210 | K9: 450 | L9: 660 | M9: 9
A10: 치명타 데미지 증폭 | B10: 3 | C10: 65 | D10: 3 | E10: 150 | I10: 무기 보유 근력 증폭 | J10: 110 | K10: 250 | L10: 360 | M10: 10
I11: 갑옷 보유 생명력 증폭 | J11: 210 | K11: 450 | L11: 660 | M11: 11
A12: 필드 공격력 증폭 | B12: 4 | C12: 140 | D12: 4 | E12: 300 | I12: 갑옷 보유 방어 증폭 | J12: 110 | K12: 250 | L12: 360 | M12: 12
A13: 점령전 공격력 증폭 | B13: 3 | C13: 225 | D13: 1 | E13: 450 | L13: 0 | M13: 13
A14: 무릉전 공격력 증폭 | B14: 3 | C14: 225 | D14: 1 | E14: 450 | I14: 치명타 데미지 증폭 | J14: 65 | K14: 150 | L14: 215 | M14: 14
A15: 퇴마전 공격력 증폭 | B15: 3 | C15: 225 | D15: 1 | E15: 450
A17: 연구속도 증가 | B17: 4 | C17: 60 | D17: 3 | E17: 60
A19: 점령전 최대 스테이지 증가 | B19: 2 | C19: 10 | D19: 1 | E19: 10 | F19: 50
A20: 무릉전 최대 스테이지 증가 | B20: 2 | C20: 40 | D20: 1 | E20: 60 | F20: 140
A21: 퇴마전 최대 스테이지 증가 | B21: 2 | C21: 40 | D21: 1 | E21: 60 | F21: 240
A23: 유일 장비 강화 횟수 증가 | B23: 2 | C23: 200 | D23: 1 | E23: 200
A24: 신화 장비 강화 횟수 증가 | B24: 2 | C24: 200 | D24: 1 | E24: 200
A25: 전설 장비 강화 횟수 증가 | B25: 2 | C25: 200 | D25: 1 | E25: 200
A26: 영웅 장비 강화 횟수 증가 | B26: 2 | C26: 200 | D26: 1 | E26: 200
A27: 희귀 장비 강화 횟수 증가 | B27: 2 | C27: 200 | D27: 1 | E27: 200
A28: 고급 장비 강화 횟수 증가 | B28: 2 | C28: 200 | D28: 1 | E28: 200
A29: 일반 장비 강화 횟수 증가 | B29: 2 | C29: 200 | D29: 1 | E29: 200
F30: 60
A31: 가속 소환 횟수 증가 | B31: 5 | C31: 500 | D31: 4 | E31: 500 | F31: 200
F32: 300
A33: 공격 숙련도 | B33: 0 | D33: 2 | E33: 50
A34: 스킬 숙련도 | B34: 0 | D34: 3 | E34: 45
A36: 기본 공격 추가 데미지 | B36: 0 | D36: 3 | E36: 100
A38: 합계 | B38: 64 | D38: 50

Sheet Sheet1
